query,asin,title,cosine_similarity,rating_norm,price_score,review_score,sentiment_score,popularity_score,relevance
moisture wicking golf polo,B0BGXTC1FR,V VALANCH Mens Polo Shirts Short Sleeve Moisture Wicking Golf Polo Athletic Collared Shirt Tennis T-Shirt Tops,1.0,0.8800000000000001,0.9119307969854339,0.6085328411453984,0.7204821428571428,0.8730216767689958,1
moisture wicking golf polo,B0DSFZP271,3 Pack Polo Shirts for Men Short Sleeve Moisture-Wicking Golf Shirts Athletic Casual Collared T-Shirt,0.8873249284405134,1.0,0.8898417266893139,0.12743848802453234,0.6278056094232565,0.6503039404468839,1
moisture wicking golf polo,B0BXSP3W6R,BALENNZ Golf Polos for Men Quick-Dry Athletic Mens Polo Shirts Short Sleeve Summer Casual Moisture Wicking Golf Shirt,0.8207585020705384,0.9,0.7769832010197409,0.6671317514408708,0.6384464285862433,0.5589484959430018,1
moisture wicking golf polo,B0DLGB4RYH,COOFANDY Men's Polo Shirts Short Sleeve Moisture Wicking Golf Shirt Fashion Casual Collared T-Shirt,0.8141130801450234,0.8800000000000001,0.9405613237002659,0.24107132883022786,0.6460119047619048,0.6736410224402996,1
moisture wicking golf polo,B0DWFMDQBT,ZITY 3 Pack Mens Polo Shirts Short Sleeve Golf Polo Moisture Wicking Performance Collared Casual Tennis Athletic T-Shirt,0.7358230199681965,0.8800000000000001,0.846512552308955,0.0,0.5,0.5549212120521301,1
moisture wicking golf polo,B0C1SC8PR9,MoFiz Men's Camo Polo Golf Shirt Hiking Dry Fit Short Sleeve T-Shirts Pique Collared Polo Jersey,0.6672245110408006,0.9,0.9201223394662554,0.5049218950959476,0.6558585896164021,0.6430414870785764,1
moisture wicking golf polo,B0C8GBQ3QS,3 Pack Mens Polo Shirts Short Sleeve Sport Golf Tennis T Shirt Quick Dry Athletic Workout Polo,0.6730875370425644,0.8400000000000001,0.8914717745315862,0.6060564699084177,0.85,0.6352076108808136,1
moisture wicking golf polo,B09MHPSWY2,ZITY 5 Pack Mens Polo Shirt Short Sleeve Sports Golf Tennis T-Shirt Moisture-Wicking Summer Shirts,0.6474086066198854,0.8800000000000001,0.742626650750595,0.5664547580298965,0.6241418442668442,0.8483378948396241,1
moisture wicking golf polo,B0DK5FZ325,Rouen Mens Golf Shirt Moisture Wicking Dry Fit Performance Stripe Casual Collared Short Sleeve Golf Polo Shirts for Men,0.6495250117814005,0.96,0.8875704558122492,0.24827465477270383,0.6699999999999999,0.653165053651828,1
moisture wicking golf polo,B09MHS6C6Z,ZITY 5 Pack Mens Polo Shirt Short Sleeve Sports Golf Tennis T-Shirt Moisture-Wicking Summer Shirts,0.6474086066198854,0.8800000000000001,0.742626650750595,0.5664547580298965,0.5,0.8483378948396241,1
moisture wicking golf polo,B0D6WGWNS8,Dokotoo Womens Soft Long Sleeve V Neck Shirts Solid Casual Decorative Buttons Knitted Pullover Tunic Tops,0.0,0.8800000000000001,0.9569599485058644,0.48496458604238474,0.6402078501474106,0.7098421879891456,0
moisture wicking golf polo,B01DTY5PGW,Lee Women's Plus Size Relaxed Fit Straight Leg Jean,0.0,0.86,0.9077988342663375,0.7337049301716538,0.6532661041339612,0.0,0
moisture wicking golf polo,B0CLL5X2V5,Floerns Men's Slant Pocket Tailored Pants Work Office Fold Pleated Trousers,0.0,0.72,0.8996751763670053,0.30315942416118674,0.5647863756613757,0.6513310301860258,0
moisture wicking golf polo,B09Z5X9B86,PRETTYGARDEN Women's Summer Casual Boho Dress Floral Print Ruffle Puff Short Sleeve Flowy Midi Beach Party Dresses,0.0,0.8,0.8653157634950254,0.7541972466080782,0.6392656822344323,0.7522096715856501,0
moisture wicking golf polo,B0DSW6C8PT,Women's Cow Leather Belt for Jeans Pants Fashion Ladies Skinny Dress Waist belt with Gold Buckle,0.0,0.96,0.9409375515012921,0.2693135587544891,0.6571739177489178,0.0,0
moisture wicking golf polo,B01IA6CJ36,Skechers Men's Cankton Steel Toe Construction Shoe,0.0,0.8800000000000001,0.7360905105942886,0.801662832659081,0.6089346663648428,0.9350643528198477,0
moisture wicking golf polo,B01JQTRMEC,Amazon Essentials Men's Classic-Fit Cargo Short (Available in Big & Tall),0.0,0.8800000000000001,0.968125326387841,0.8524178965229227,0.6423939176919946,0.9350643528198477,0
moisture wicking golf polo,B09NMPH8Y7,Wrangler Authentics Men's Athletic Fit Stretch Jean,0.0,0.8800000000000001,0.9035192430296644,0.659882944035329,0.6833214285825397,0.7894928116095515,0
moisture wicking golf polo,B08FDXYMR5,Toddler Infant Baby Boy Clothes Striped Long Sleeve Hoodie Tops Sweatsuit Pants Outfit Set,0.0,0.9400000000000001,0.9242060468804376,0.6249991514679819,0.6675088609307359,0.0,0
moisture wicking golf polo,B0C7G8SJMS,"Boys Cargo Shorts, Outdoor Quick Dry Hiking Shorts, Lightweight Athletic Short with Zipper Pockets",0.0,0.9400000000000001,0.9815047230902043,0.4481290337490219,0.6364245187682688,0.0,0
moisture wicking golf polo,B08DD9LQ9S,"Mens Single (1.28 X 2.00 mtrs) Colour Thalathi Border Dhoties for mens/fine quality Single Dhoties for men's, WHITE, 1.28x2.00 mtrs",0.0,0.8,0.9405286082393071,0.40666271283903327,0.5924358974025641,0.34799071249570324,0
moisture wicking golf polo,B0D1H1HV5F,AEROPOSTALE Women's Aero High Waisted Jegging,0.0,0.8800000000000001,0.8180132963812202,0.45110716881064405,0.7010416666666667,0.0,0
moisture wicking golf polo,B0DN375DNC,Polo Shirts for Men - Dry Fit Moisture Wicking Black Short Sleeve Performance Golf T Shirts for Casual Work Athletic,0.4963471629026049,0.9400000000000001,0.9814638287640058,0.3065293788954055,0.7276785714285714,0.7894928116095515,0
moisture wicking golf polo,B0D1H3W5K7,AEROPOSTALE Men's Polo,0.2635972957896176,0.9,0.9732604269285866,0.5305771876395293,0.6648524660030612,0.8934091159375386,0
moisture wicking golf polo,B0DRXCWRYM,ZITY 3 Pack Men Polo Shirts Short Sleeve with Pocket Sport Wicking Shirts for Men Casual Athletic Collared T-Shirts,0.3633815166729893,0.9199999999999999,0.887388476060666,0.14187507072995675,0.5,0.7147315714620732,0
moisture wicking golf polo,B073T4FJS1,Bruno Marc Men's Slip on Dress Loafers Formal Shoes,0.0,0.8800000000000001,0.8587738981330513,0.7014119496565772,0.6806011904761904,0.852634237600453,0
moisture wicking golf polo,B07FMXG9PB,Polo Ralph Lauren Men's Slim Fit Cotton V-neck Undershirt 3-pack,0.0,0.9,0.8198903459537313,0.6438474473960284,0.6502108134920634,0.5545902074730888,0
moisture wicking golf polo,B0D391J394,ZENGVEE Mens Polo Shirts Moisture Wicking Short Sleeve Performance Quick Dry Athletic Golf Shirts,0.42601029885681485,0.8400000000000001,0.846512552308955,0.511135433342715,0.5,0.7664307927065344,0
moisture wicking golf polo,B07GX21XWG,Lucky Brand Men's 363 Vintage Straight Jean,0.0,0.9,0.7775074662816057,0.6333240702847449,0.6051649831649831,0.6894547488206029,0
moisture wicking golf polo,B07HR877BN,Nautica Men's Short Sleeve Solid Crew Neck T-Shirt,0.0,0.8800000000000001,0.9201223394662554,0.7824891809249489,0.6068355294396961,0.7104352287012442,0
slim fit jeans for work,B09K1PMWR6,Levi Strauss Signature Gold Men's Slim Fit Jeans,1.0,0.9,0.9078540416067054,0.726011158897855,0.6466868361738146,0.8238997559691468,1
slim fit jeans for work,B071H3C5HP,Levi's Men's 511 Slim Fit Jeans (Also Available in Big & Tall),0.7545174350855893,0.9,0.7769921977715046,0.8580242429632281,0.6336519751551195,0.8859424320199987,1
slim fit jeans for work,B07BJKWX4Y,Amazon Essentials Slim Fit Jeans For Men,0.6350335178810393,0.8400000000000001,0.943419837101541,0.8427730149007133,0.6571838548704366,0.8483378948396241,1
slim fit jeans for work,B09Y8TM3LL,XIMXIMMTIAN Men's Biker Moto Washed Distressed Slim Fit Straight Jeans Denim…,0.6215783862509223,0.9199999999999999,0.8751385806479052,0.5928049001952141,0.6984974747474747,0.7047169708492054,1
slim fit jeans for work,B01N58LDY4,FREDD MARSHALL Men's Skinny Slim Fit Stretch Straight Leg Fashion Jeans Pants,0.545556028773867,0.86,0.924195414355626,0.731718072437965,0.6323630501443002,0.7179681134190552,1
slim fit jeans for work,B01ISMKS7G,Levi's Men's 569 Loose Straight Fit Jeans,0.5056530482697028,0.9,0.7769864725658369,0.8317404747465325,0.6762320344998917,0.7971616866814679,1
slim fit jeans for work,B09JYPMWP2,Levi Strauss Signature Gold Men's Athletic Fit Jeans,0.48727180851478274,0.9199999999999999,0.8914963111273053,0.7350857873242389,0.6702580135608792,0.7460433535379916,1
slim fit jeans for work,B0D91GGC4Z,KUNMI Women's Skinny Ripped Trendy Jeans Distressed Stretchy Denim Pants,0.47923348410419925,0.86,0.8710491480280551,0.48356619235347675,0.6380910663410663,0.0,1
slim fit jeans for work,B01GQBWBYO,Wrangler Men's Retro Slim Fit Straight Leg Jeans,0.45423747750636645,0.8400000000000001,0.8628118039018913,0.7094364273008,0.5835833333333333,0.8155527135063834,1
slim fit jeans for work,B0006U6C0Q,Wrangler Men's Cowboy Cut Slim Fit Jeans,0.4293394623943834,0.8800000000000001,0.8996984861329385,0.7896165053299564,0.6531163917927311,0.8182272932408577,1
slim fit jeans for work,B0BLVKGCD7,BTFBM Women's Summer Boho Shirt Top Ruffle Short Sleeve Frill Trim Mock Neck Floral Solid 2025 Casual Blouses Shirts Tops,0.0,0.86,0.9405519180052402,0.6136067321896735,0.6566670482295482,0.7859486755479272,0
slim fit jeans for work,B08PYH5PCC,MEN'S NIKE THERMA PULLOVER HOODIE,0.0,0.9199999999999999,0.784344179735471,0.3918526295136391,0.7053353174603174,0.8572079503886925,0
slim fit jeans for work,B07JBRGFH4,"Gildan Men's Crew T-Shirts, Multipack, Style G1100",0.0,0.9199999999999999,0.9324724259782025,1.0,0.6220799635086526,0.9712655183686938,0
slim fit jeans for work,B0DYJ52MFG,Linen Tops for Women Casual 3/4 Sleeve Crewneck Casual Linen Shirts Summer Beach Solid Blouses Tunic Tops Plus Size,0.0,0.8800000000000001,0.9160329068464054,0.0,0.5,0.4380535333533996,0
slim fit jeans for work,B010C7M9Z4,"Hanes Men's Cool Dri Polo Shirt, Quick-Drying Performance Polo For Men, 40+ Upf Protection",0.0,0.8800000000000001,0.9549949761320266,0.7741860619278401,0.6498307662816055,0.901756158400302,0
slim fit jeans for work,B0BGSDG377,TELALEO 4/5 Pack Mens Polo Shirts Quick Dry Short Sleeve Golf T Shirt Performance Moisture Wicking Casual Workout,0.0,0.9,0.8464839262806161,0.6523018424651437,0.6739313541072994,0.9221435975688448,0
slim fit jeans for work,B000U62IYK,"Russell Athletic Men's Dri Power Fleece Open Bottom Sweatpants with Pockets, Relaxed Fit, Moisture Wicking",0.0,0.86,0.9364800699456556,0.7999491617302105,0.6243974671603916,0.8673492140407068,0
slim fit jeans for work,B07PQSW7V9,Lugz Men's Clipper Fashion Sneaker,0.0,0.86,0.9201427866293547,0.8255110265669905,0.6326018518518519,0.9112192546614691,0
slim fit jeans for work,B0C2DFMQ3V,Women's Heavy Cotton Embroidery Work Unstitched Salwar Suit Dress Material With Chanderi Work Dupatta (Free Size),0.0,0.6599999999999999,0.8833583402138038,0.49534270357452953,0.875,0.0,0
slim fit jeans for work,B0C8MZ6VQ1,KISAH Men's Cream Jacquard Indowestern Sherwani Kurta & Pajama Set – Mandarin Collar | Indian Wedding & Festive Wear,0.0,0.6799999999999999,0.3680407569212626,0.2609709040244215,0.6585277778,0.47625111124587294,0
slim fit jeans for work,B0BV257YG8,COOFANDY Men's Linen Shirts Short Sleeve Casual Shirts Button Down Shirt for Men Beach Summer Wedding Shirt,0.0,0.8400000000000001,0.8996694511613376,0.6889635269551752,0.5724173407777574,0.9712655183686938,0
slim fit jeans for work,B0CP3NQCN3,Kaipiclos Newborn Infant Girl Clothes Rib Knit Romper Daisy Print Pants Headband Baby Clothes for Girls 0 3 6 12 18 24 Months,0.0,0.9,0.9502614578745501,0.47301810079250806,0.7097519068233353,0.0,0
slim fit jeans for work,B0DFVMT38X,"Rameshwaram Fabrics Men's Readymade Elastic Silk Dhoti, Comfortable Pre-Stitched Dhothi",0.0,0.6799999999999999,0.9039281862916493,0.23720802680149816,0.5416666666666666,0.0,0
slim fit jeans for work,B0CYC659P1,AUTOMET Womens Summer Tops Going Out Workout Outfits Spring T Shirts Business Casual Dressy Fashion Trendy Clothes 2025,0.0,0.86,0.9814638287640058,0.5829888645433785,0.6247260332260332,1.0,0
slim fit jeans for work,B087YQCWKG,Under Armour Men's Charged Assert 9 Running Shoe,0.0,0.9199999999999999,0.7769864725658369,0.8607500150285096,0.6667230847855847,0.9712655183686938,0
slim fit jeans for work,B07S2D56H6,Carhartt Men's Relaxed Fit Duck BlanketLined Detroit Jacket,0.0,0.9199999999999999,0.5725205667790034,0.6789922224169572,0.6187748015873016,1.0,0
slim fit jeans for work,B08KZYTHWR,Feethit Womens Slip On Running Shoes Non Slip Walking Shoes Lightweight Gym Workout Shoes Breathable Fashion Sneakers,0.0,0.8,0.9011375574718636,0.727125723968398,0.6284407679571895,0.0,0
slim fit jeans for work,B0B34Z57RW,True Religion Mens Boxer Briefs Cotton Stretch Underwear for Men Pack of 6,0.0,0.86,0.8996694511613376,0.5921810659134756,0.7020382653061223,0.6940284616088422,0
slim fit jeans for work,B074XY7MTG,"Hanes Men's Moisture-Wicking Crewneck Performance Undershirt, 5-Pack",0.0,0.9199999999999999,0.9221261614499819,0.8276157474605984,0.5730531343006406,0.8673492140407068,0
slim fit jeans for work,B09VBK13ZV,"maamgic Mens 5"" Gym Running Shorts for Men 2 in 1 Quick Dry Workout Athletic Shorts",0.0,0.9199999999999999,0.8874068785074553,0.584826346452292,0.6695070808334007,0.8442871951376896,0
comfortable running shoes,B09XRGG5NV,New Balance Women's Fresh Foam ROAV V1 Sneaker,1.0,0.9,0.7158093784594044,0.791814576673603,0.6385625344977761,0.0,1
comfortable running shoes,B0D1B42GVJ,Mens Running Shoes Fashion Sneakers Tennis Walking Shoes Lightweight Athletic Gym Workout Shoes,0.7328612714317573,0.8,0.9292417742085209,0.44976734014965475,0.6333420138888889,0.7913336411211247,1
comfortable running shoes,B09NMJ14NP,Nike Men's Running Shoe,0.5148970767141228,0.8800000000000001,0.8219219760792729,0.5154951757726424,0.6702594537672268,0.7422117203212757,1
comfortable running shoes,B0B47NGW9D,ASICS Men's Gel-Venture 9 Running Shoes,0.46012355208127115,0.9,0.777145551494749,0.6732115324269944,0.6972383737585943,0.9350643528198477,1
comfortable running shoes,B0CN854MLC,ASICS Men's Gel-Nimbus 26 Running Shoes,0.42731330324019345,0.8800000000000001,0.5726714668426758,0.573158545506615,0.6442530878994194,0.8368205112201498,1
comfortable running shoes,B07PQSW7V9,Lugz Men's Clipper Fashion Sneaker,0.3409181956452206,0.86,0.9201427866293547,0.8255110265669905,0.6326018518518519,0.9112192546614691,1
comfortable running shoes,B0B3TBJ79D,VILOCY Men's Casual Dress Sneakers Oxfords Business Mesh Breathable Walking Shoes Tennis Comfortable,0.34154436927218496,0.8800000000000001,0.8464839262806161,0.7189997836660952,0.6470876623376622,0.9712655183686938,1
comfortable running shoes,B087YQCWKG,Under Armour Men's Charged Assert 9 Running Shoe,0.32946974822429337,0.9199999999999999,0.7769864725658369,0.8607500150285096,0.6667230847855847,0.9712655183686938,1
comfortable running shoes,B0BW8KKPQH,SERNIAL Womens White Tennis Shoes PU Leather Sneakers Casual Walking Shoes for Women,0.35040959181486486,0.82,0.9266437576651303,0.6211225478767239,0.6453255494309523,0.0,1
comfortable running shoes,B073T4FJS1,Bruno Marc Men's Slip on Dress Loafers Formal Shoes,0.28545254516024204,0.8800000000000001,0.8587738981330513,0.7014119496565772,0.6806011904761904,0.852634237600453,1
comfortable running shoes,B0BYTDW4QR,Brooks Men’s Ghost Max Cushion Neutral Running & Walking Shoe,0.10875108714480831,0.9199999999999999,0.6544564387503184,0.6044253581775567,0.6360043439403733,0.8483378948396241,0
comfortable running shoes,B094C62WFQ,Dr. Scholl's Women's Time Off Sneaker,0.0,0.8800000000000001,0.7360447089489464,0.6810574434050884,0.589102564102564,0.0,0
comfortable running shoes,B0CYC659P1,AUTOMET Womens Summer Tops Going Out Workout Outfits Spring T Shirts Business Casual Dressy Fashion Trendy Clothes 2025,0.0,0.86,0.9814638287640058,0.5829888645433785,0.6247260332260332,1.0,0
comfortable running shoes,B07L57PG34,TACVASEN Men's Winter Jacket Cotton Military Jackets Fleece Lined Thick Work Warm Cargo Coats with Hooded,0.0,0.8800000000000001,0.7426667271902694,0.7028955746551961,0.6506456015298486,0.7589641087889946,0
comfortable running shoes,B07FMY215J,POLO RALPH LAUREN Men's Classic Fit Cotton Tanks 3-pack,0.0,0.9199999999999999,0.8198903459537313,0.6268396567723414,0.6166295787545788,0.6025981384593762,0
comfortable running shoes,B08KZYTHWR,Feethit Womens Slip On Running Shoes Non Slip Walking Shoes Lightweight Gym Workout Shoes Breathable Fashion Sneakers,0.0,0.8,0.9011375574718636,0.727125723968398,0.6284407679571895,0.0,0
comfortable running shoes,B00CAXS2Q4,"Hanes Men's Boxers, Cotton Knit Comfortable Boxer Underwear, Moisture-wicking Cotton Boxers, 5-pack",0.0,0.9199999999999999,0.9405286082393071,0.8354726645537437,0.7118412698412698,1.0,0
comfortable running shoes,B07815BYTV,Under Armour Men's Tech 2.0 V-Neck Short-Sleeve T-Shirt,0.0,0.8800000000000001,0.9530700801978631,0.6023675590214121,0.6719088203463203,1.0,0
comfortable running shoes,B0DLGB4RYH,COOFANDY Men's Polo Shirts Short Sleeve Moisture Wicking Golf Shirt Fashion Casual Collared T-Shirt,0.0,0.8800000000000001,0.9405613237002659,0.24107132883022786,0.6460119047619048,0.6736410224402996,0
comfortable running shoes,B01AZ4DAJ8,U.S. Polo Assn. Men’s Undershirt – 4 Pack Crew Neck Short Sleeve T-Shirt,0.0,0.86,0.9121029620987295,0.46607339887292876,0.60645833335,0.7206681714754064,0
comfortable running shoes,B010C7M9Z4,"Hanes Men's Cool Dri Polo Shirt, Quick-Drying Performance Polo For Men, 40+ Upf Protection",0.0,0.8800000000000001,0.9549949761320266,0.7741860619278401,0.6498307662816055,0.901756158400302,0
comfortable running shoes,B07FDRXL7D,"Amazon Essentials Women's Classic-Fit Short-Sleeve Crewneck T-Shirt, Multipacks",0.0,0.8800000000000001,0.9523879628368721,0.8614304776870827,0.6438035140433238,0.8182272932408577,0
comfortable running shoes,B0CRRF28SH,3 Pack Gym Basketball Mens Shorts - Quick Dry Black Workout Athletic Shorts with Pockets for Casual Running (S-6XL),0.0,0.9,0.944647893717282,0.5687128944378851,0.6607141504329004,0.737696311075228,0
comfortable running shoes,B0007CKJSY,Wrangler Men's 13MWZ Cowboy Cut Original Fit Jeans,0.0,0.9,0.944837234447581,0.8419508553810622,0.5849142688274447,0.8934091159375386,0
comfortable running shoes,B078HZRH3L,Cole Haan Mens 2.Zerogrand Laser Wingtip Oxford,0.0,0.9400000000000001,0.4498326808643589,0.6189194093635131,0.7029212454212455,0.8673492140407068,0
comfortable running shoes,B0BWNHZCCR,NY Threads Men's Athletic Shorts Quick Dry Loose-Fit Lightweight Running Workout Gym Shorts with Pockets,0.0,0.9199999999999999,0.9896345151384661,0.5665784799060319,0.6500308000822707,0.7677554658829605,0
comfortable running shoes,B07ZHXGYVG,"MAGCOMSEN Men's Hooded Windproof Water Resistant Rain Jacket Windbreaker 5 Pockets for Hiking,Fishing,Travel",0.0,0.8800000000000001,0.8555326138385582,0.544721045484335,0.6638824486624486,0.8572079503886925,0
comfortable running shoes,B0CRHRSTZW,HILEELANG Kids Boy Basic Plain Cotton T-Shirts Short Sleeve Crew Neck Summer Tees 4packs 6-12 Years,0.0,0.8400000000000001,0.9446589351853556,0.3527040590911603,0.6167068643051282,0.0,0
comfortable running shoes,B075M97YPB,chouyatou Men's Classic Notched Collar Double Breasted Wool Blend Pea Coat,0.0,0.86,0.7811057580438118,0.697830215342456,0.6184826225815789,0.950878079200151,0
comfortable running shoes,B0B6DCY8GT,Gerber Baby Girls' 4-Pack Footed Pajamas,0.0,0.9,0.9282509046847314,0.6622075821278032,0.5810052138738194,0.0,0
cotton button down shirt,B0CQLQLWXL,COOFANDY Men's Button Down Shirts Short Sleeve Casual Shirts Summer Beach Shirts Vacation Wedding Shirts with Pocket,1.0,0.8800000000000001,0.8996751763670053,0.5363059461155295,0.7338419913419914,0.8129754130617711,1
cotton button down shirt,B0BV257YG8,COOFANDY Men's Linen Shirts Short Sleeve Casual Shirts Button Down Shirt for Men Beach Summer Wedding Shirt,0.9055179365739591,0.8400000000000001,0.8996694511613376,0.6889635269551752,0.5724173407777574,0.9712655183686938,1
cotton button down shirt,B0CJTZLCQ2,COOFANDY Men's Cuban Guayabera Shirt Short Sleeve Button Down Shirts Casual Summer Beach Linen Shirts,0.8018256500178448,0.8800000000000001,0.8996751763670053,0.6014576386179642,0.6668885281385282,0.8210067848398465,1
cotton button down shirt,B0CC2FCKG3,Stretch Mens Dress Shirts Long Sleeve Slim Fit Dress Shirts for Men Muscle Fit Wrinkle Free Button Down Shirt,0.7510985873799256,0.8800000000000001,0.9160329068464054,0.6233264407784815,0.6481346983459991,0.852634237600453,1
cotton button down shirt,B0CW39BXTQ,COOFANDY Mens Short Sleeve Casual Button Down Shirts Summer Untucked Dress Shirts with Pocket,0.6593048205923091,0.8400000000000001,0.9405613237002659,0.5521789760983197,0.6289002976285714,0.7793515479575372,1
cotton button down shirt,B0BB2JC2QX,ZITY Men's Flannel Hoodie Shirts Casual Button Down Plaid Shirt Jackets for Men Long Sleeve Stylish Hooded with Pocket,0.6317667652131767,0.8800000000000001,0.9405486464591443,0.5723006607919133,0.6396586134406161,0.7589641087889946,1
cotton button down shirt,B0D59TM92S,COOFANDY Men's Knit Sweatpants Lightweight Open Bottom Casual Pants Drawstring Jogger Yoga Pants with Pockets,0.571538258210525,0.86,0.8996751763670053,0.41546977936735807,0.6575452533577534,0.6795501062616595,1
cotton button down shirt,B0C49Y4YXF,Alimens & Gentle Men's Plaid Button Down Shirts Cotton Long Sleeve Dress Shirts Regular Fit Gingham Shirts,0.4943715720805883,0.86,0.9283012047059555,0.6359152836508064,0.6626707551707551,0.8791879948166543,1
cotton button down shirt,B0D6YY28SS,Dokotoo Womens 2025 Casual Dress Smocked Crewneck Button Up Long Sleeve Empire Waist A-Line Mini Dress,0.5155179788446974,0.8800000000000001,0.8792280132677552,0.4859974091806066,0.6415083784849409,0.8057622820141208,1
cotton button down shirt,B0B28SWXWP,Alimens & Gentle Mens Solid Oxford Shirt Long Sleeve Dress Shirt Work Casual Button Down Shirts with Pocket,0.5031895352092376,0.86,0.9282917990109298,0.68526805663799,0.6785938594187675,0.9112192546614691,1
cotton button down shirt,B0D1H1HV5F,AEROPOSTALE Women's Aero High Waisted Jegging,0.0,0.8800000000000001,0.8180132963812202,0.45110716881064405,0.7010416666666667,0.0,0
cotton button down shirt,B07QZZ1LSG,"New Balance Men's 6"" Premium Performance Boxer Brief with Fly Front (3 Pack)",0.0,0.9199999999999999,0.9446998295115541,0.8940017567275764,0.6619216412242728,0.8730216767689958,0
cotton button down shirt,B0CQL15PMH,OFEEFAN Womens T Shirts Short Sleeve Pleated Dressy Casual Scooped Neck Summer Tops Blouses,0.0,0.8800000000000001,0.9691812178902862,0.6884214088871118,0.65918939575636,0.8934091159375386,0
cotton button down shirt,B08ZQM6Y2B,Calvin Klein Men's Full Zip Down Puffer Coat,0.0,0.9199999999999999,0.7360978715730044,0.6223850523083099,0.7408365384615385,0.9112192546614691,0
cotton button down shirt,B09ZLMK2Q5,"Womens Jacquard Standard Length Saree, Mustard, Free Size",0.0,0.6599999999999999,0.9491164167409921,0.45625066395423214,0.6206249999833333,0.0,0
cotton button down shirt,B0C5LX7VCQ,"Rameshwaram Fabrics Men's Readymade Elastic Cotton Silk Dhoti for men, Free Size (Ready-to-wear-Dhoti), Cream, 42W x 34L",0.0,0.72,0.9039281862916493,0.3750215926842996,0.6949444444277777,0.06932495486382206,0
cotton button down shirt,B0DN375DNC,Polo Shirts for Men - Dry Fit Moisture Wicking Black Short Sleeve Performance Golf T Shirts for Casual Work Athletic,0.0,0.9400000000000001,0.9814638287640058,0.3065293788954055,0.7276785714285714,0.7894928116095515,0
cotton button down shirt,B0BRVDXXYV,Womens Kanjivaram Banarasi Silk Saree Patola saree with Unstitched blouse piece free,0.0,0.8,0.7360569772468059,0.4519003171914314,0.7254305555555555,0.0,0
cotton button down shirt,B0BLVKGCD7,BTFBM Women's Summer Boho Shirt Top Ruffle Short Sleeve Frill Trim Mock Neck Floral Solid 2025 Casual Blouses Shirts Tops,0.0,0.86,0.9405519180052402,0.6136067321896735,0.6566670482295482,0.7859486755479272,0
cotton button down shirt,B0BHPS8B12,adidas Women's Swift Run Sneaker,0.0,0.8800000000000001,0.7769378083176606,0.45110716881064405,0.6637582417582417,0.0,0
cotton button down shirt,B0C5ZRQS2X,KuaiLu Flip Flops for Women with Arch Support Yoga Mat Comfortable Summer Beach Walking Thong Cushion Sandals Slip On Indoor Outdoor,0.0,0.86,0.9650938299867462,0.7497318414405821,0.6249943632660894,0.0,0
cotton button down shirt,B091MKD517,adidas Men's Entrada 22 Shorts,0.0,0.86,0.9691431861669216,0.566640268426231,0.6338511904761904,0.776269847152016,0
cotton button down shirt,B07YHG62J6,THE GYM PEOPLE Mens' Fleece Joggers Pants with Deep Pockets in Loose-fit Style,0.0,0.8800000000000001,0.9119307969854339,0.706016023804493,0.6280532720838785,0.8129754130617711,0
cotton button down shirt,B000W93PX8,Rockport Men's Eureka Walking Shoe,0.0,0.86,0.7362491805799388,0.811181488433543,0.5755788485011434,0.8620973338616201,0
cotton button down shirt,B073T4FJS1,Bruno Marc Men's Slip on Dress Loafers Formal Shoes,0.0,0.8800000000000001,0.8587738981330513,0.7014119496565772,0.6806011904761904,0.852634237600453,0
cotton button down shirt,B07QPQLW34,Gerber baby-boys 5-pack Short Sleeve Variety Onesies Bodysuits,0.0,0.96,0.9569272330449057,0.7798449440398607,0.7669834280136364,0.0,0
cotton button down shirt,B00SMJOETO,Clarks Men's Tilden Cap Oxford,0.0,0.9,0.7842979691468667,0.774352076066049,0.6529388218031968,1.0,0
cotton button down shirt,B0C73MZF8M,LARNMERN Mens Non Slip Work Shoes Slip On Water Resistant Walking Sneakers Zapatos Trabajo Waterproof Food Service Chef Kitchen,0.0,0.82,0.8182545729057913,0.6573898824567275,0.6388128457190957,1.0,0
cotton button down shirt,B07PQSW7V9,Lugz Men's Clipper Fashion Sneaker,0.0,0.86,0.9201427866293547,0.8255110265669905,0.6326018518518519,0.9112192546614691,0
cotton button down shirt,B0DRXCWRYM,ZITY 3 Pack Men Polo Shirts Short Sleeve with Pocket Sport Wicking Shirts for Men Casual Athletic Collared T-Shirts,0.0,0.9199999999999999,0.887388476060666,0.14187507072995675,0.5,0.7147315714620732,0
casual short sleeve t shirt,B088CTB3KC,Adibosy Women Summer Casual Shirts: Short Sleeve Striped Tunic Tops - Womens Crew Neck Tee Tshirt Blouses,1.0,0.8800000000000001,0.9650856511215065,0.7688205407757485,0.6660236291486291,0.8368205112201498,1
casual short sleeve t shirt,B01AZ4DAJ8,U.S. Polo Assn. Men’s Undershirt – 4 Pack Crew Neck Short Sleeve T-Shirt,0.8565655056677715,0.86,0.9121029620987295,0.46607339887292876,0.60645833335,0.7206681714754064,1
casual short sleeve t shirt,B09NF2Y5Y5,Under Armour Boys' Elite Short Sleeve T-Shirt,0.7397747158062236,0.96,0.9773273676690275,0.5735557329337169,0.7011822620140802,0.0,1
casual short sleeve t shirt,B0CJTZLCQ2,COOFANDY Men's Cuban Guayabera Shirt Short Sleeve Button Down Shirts Casual Summer Beach Linen Shirts,0.640453585391446,0.8800000000000001,0.8996751763670053,0.6014576386179642,0.6668885281385282,0.8210067848398465,1
casual short sleeve t shirt,B00GZIT5A2,U.S. Polo Assn. Men's Crew Neck Pocket T-Shirt (Color Group 2 of 2),0.6546394507586681,0.8800000000000001,0.9732219862619601,0.5515088847822669,0.9,0.6492915239210117,1
casual short sleeve t shirt,B0CSWGBR4L,1/5 Pack Running Shirts Men Sport Tops Dry Fit Gym Wicking Athletic T Shirts Breathable Cool Workout Shirts,0.6394688251170059,0.9,0.9242117720861055,0.5401951288389224,0.6902122697378379,0.8057622820141208,1
casual short sleeve t shirt,B00H383N8I,"Jerzees Men's Dri-Power Cotton Blend Long Sleeve Tees, Moisture Wicking, Odor Protection, UPF 30+, Sizes S-3x",0.5431601127811868,0.9,0.9783967542991183,0.874117440382901,0.6079197206778728,0.9350643528198477,1
casual short sleeve t shirt,B01MDOUGX4,Lacoste Men's Short Sleeve Crew Neck Pima Cotton Jersey T-Shirt,0.5372221692642202,0.8800000000000001,0.8996547292039061,0.6832261614800731,0.5656557721490261,0.7351190106306159,1
casual short sleeve t shirt,B077XM54L9,Under Armour Men's Sportstyle Left Chest Short Sleeve T-Shirt,0.47444547261436687,0.9199999999999999,0.952824714240672,0.5833897868410135,0.6935456349373016,0.9221435975688448,1
casual short sleeve t shirt,B0CJWNTM1L,Under Armour Boys' Tech Hybrid Print Short Sleeve T Shirt,0.5527902081666951,0.9400000000000001,0.961088230735603,0.43396786691993783,0.7446453373015872,0.0,1
casual short sleeve t shirt,B0C8N1C4BG,KISAH Men's Jacquard Indowestern Sherwani Pajama Set – Mandarin Collar | Indian Wedding & Festive Wear,0.0,0.8,0.40893630994954866,0.2609709040244215,0.5,0.5209032593030707,0
casual short sleeve t shirt,B0D1B42GVJ,Mens Running Shoes Fashion Sneakers Tennis Walking Shoes Lightweight Athletic Gym Workout Shoes,0.0,0.8,0.9292417742085209,0.44976734014965475,0.6333420138888889,0.7913336411211247,0
casual short sleeve t shirt,B0BC3PS8XJ,SIRIL Women's Bandhani Printed Chiffon Saree With Blouse(2612S2080_) 5.5 Meters Orange & Red,0.0,0.76,0.9039281862916493,0.5256549725613502,0.7680833333333333,0.0,0
casual short sleeve t shirt,B0DFBDPKV8,Dokotoo Women's Summer Dresses 2025 Beach Casual Deep V Neck Loose Sundress Ruffle Sleeve Mini Dress,0.0,0.82,0.9405695025655055,0.42031917115906403,0.6567984931734931,0.8300660740168053,0
casual short sleeve t shirt,B0CRKRXPB6,BTFBM Women's Ruched Bodycon Dress Summer Casual Sleeveless Back Slit Elegant Club Evening Party Cocktail Maxi Dresses,0.0,0.8400000000000001,0.8383336870692549,0.5401088269397882,0.6321798780088959,0.8730216767689958,0
casual short sleeve t shirt,B00BBW2XZG,Dockers Men's Perfect Classic Fit Shorts (Regular and Big & Tall),0.0,0.9,0.9256365304108612,0.8498481184676885,0.7057178995247176,0.9712655183686938,0
casual short sleeve t shirt,B0792XJHZL,TACVASEN Men's Special Ops Military Tactical Rain Jackets Winter Warm Fleece Softshell Hooded Raincoat Snowboard,0.0,0.8800000000000001,0.8015570105756817,0.6982297690957091,0.6156990166924172,0.9112192546614691,0
casual short sleeve t shirt,B0DNF5CRSK,OYOANGLE Men's Baggy Wide Leg Pants Zipper Fly Pleated Trousers Business Casual Dress Pants with Pocket,0.0,1.0,0.8710491480280551,0.10976953877696581,0.6305555555555555,0.7075184404144228,0
casual short sleeve t shirt,B0DLGB4RYH,COOFANDY Men's Polo Shirts Short Sleeve Moisture Wicking Golf Shirt Fashion Casual Collared T-Shirt,0.0,0.8800000000000001,0.9405613237002659,0.24107132883022786,0.6460119047619048,0.6736410224402996,0
casual short sleeve t shirt,B0BS9CPLRT,Blooming Jelly Womens Dressy Casual Tops Ruffle Short Sleeve V Neck Shirts Elegant Business Work Blouse,0.2270823129429657,0.8800000000000001,0.940556825324384,0.502460080708832,0.6798918541775685,0.8182272932408577,0
casual short sleeve t shirt,B0CT3HL8KK,"3 Pack Mens Athletic Sweatpants with Zipper Pockets,Workout Gym Joggers Pants for Men Running Jogging Pants",0.0,0.9,0.8342442544494049,0.5948639668565627,0.6674099521079334,0.8859424320199987,0
casual short sleeve t shirt,B0C3L9HJRZ,XZQTIVE 3 Pack Women Belts For Jeans Dresses Pants Ladies Leather Waist Belt with Gold Buckle,0.0,0.9,0.9343903698769122,0.6147587368813149,0.7188513210108605,0.0,0
casual short sleeve t shirt,B01BDZMIK0,Polo Ralph Lauren Men's Classic Fit Jersey Short Sleeve Tee,0.3404119382249406,0.9,0.7973984665445563,0.5777981477201813,0.75,0.6114508584037748,0
casual short sleeve t shirt,B0D7ZT9VCM,Men's Mountain Winter Coat Warm Fleece Ski Snow Jacket Waterproof Raincoat with Hood,0.0,0.9199999999999999,0.7974393608707547,0.47014590045430316,0.6928712121212122,0.7809441532169563,0
casual short sleeve t shirt,B08F2P8CS9,"Fruit of the Loom Men's Undershirts, Moisture Wicking & Tag Free, Short Sleeve Crew T-Shirts",0.23888362342843467,0.9199999999999999,0.9344762479619291,0.9691641853792544,0.6458838455875573,1.0,0
casual short sleeve t shirt,B0C9CPWWR1,OIIIO Men's Ripped Slim Fit Straight Leg Jean Denim Pant,0.0,0.8400000000000001,0.9058866155732955,0.4775216275085711,0.7112916666666667,0.7249215248800267,0
casual short sleeve t shirt,B0D2JCJRFT,Handcraft Mens Underwear Funny Gifts for Men Chucky Cookie Monster Rick and Morty Scooby Doo Tom and Jerry Boxers for Men,0.0,0.9400000000000001,0.9528378004250556,0.3662145261559747,0.7167864392551893,0.5496788119013549,0
casual short sleeve t shirt,B008KWXQ38,LONDON FOG Men's Auburn Zip-Front Golf Jacket (Regular & Big-Tall Sizes),0.0,0.9,0.8399179332661848,0.7625410576086844,0.6807942057942058,1.0,0
casual short sleeve t shirt,B0CD2J212W,"KISAH Men's Printed Sherwani Kurta & Pajama Set - Regular Fit, Mandarin Collar| Ethnic Wear Mens Wear, Blue, 40",0.0,0.6,0.4089432619850024,0.08699030134147384,0.49,0.45059266166421275,0
casual short sleeve t shirt,B0CPHKY9MT,PRETTYGARDEN Womens Summer Jumpsuits Dressy Casual One Piece Outfits Sleeveless Mock Neck Wide Leg Pants Rompers with Pockets,0.0,0.8400000000000001,0.8587604030054058,0.6422948097161892,0.6415572691197691,1.0,0
warm winter jacket,B0D3V242Q7,Men's Ski Jacket Warm Winter Snow Coat Waterproof Mountain Windbreaker Snowboarding Jacket Hooded for Hiking Traval,1.0,0.9199999999999999,0.7974393608707547,0.5368476721825982,0.646178822352971,0.901756158400302,1
warm winter jacket,B0B4RXVVFG,CAMEL CROWN Men's Mountain Snow Waterproof Ski Jacket Detachable Hood Windproof Fleece Parka Rain Jacket Winter Coat,0.7578457242586043,0.9199999999999999,0.8178865239700048,0.6012584385516041,0.6484246064393123,0.8483378948396241,1
warm winter jacket,B0B883C9XX,Rapoo Men's Winter Ski Snow Jacket Mountain Waterproof Windproof Rain Jacket,0.7303430662535597,0.8800000000000001,0.7647238999119546,0.5555890800542977,0.6360607538295038,0.9712655183686938,1
warm winter jacket,B0D7ZT9VCM,Men's Mountain Winter Coat Warm Fleece Ski Snow Jacket Waterproof Raincoat with Hood,0.6282269246963275,0.9199999999999999,0.7974393608707547,0.47014590045430316,0.6928712121212122,0.7809441532169563,1
warm winter jacket,B07CL5HT3S,Simple Joys by Carter's Baby Hooded Sweater Jacket with Sherpa Lining,0.5128389617076771,0.96,0.9487074734790071,0.8213267811806911,0.650281746031746,0.0,1
warm winter jacket,B0BNVZFBQX,MAGCOMSEN Men's Winter Coats Water Resistant Ski Snow Jacket Warm Fleece Jacket Parka Raincoats With Multi-Pockets,0.5127287432202264,0.9199999999999999,0.7443176311389029,0.7046335056335286,0.635028783014274,1.0,1
warm winter jacket,B0B713424T,SPOSULEI Mens Skiing Jackets with Hoode Snowboarding Waterproof Fleece Liner Coats Windproof Winter Raincoat Multi Pockets,0.4073570005177849,0.9,0.768854226858003,0.5637468795688599,0.6610355998168498,0.8673492140407068,1
warm winter jacket,B09BVPH8FX,QPNGRP Mens Waterproof Ski Snowboard Jacket Winter Windproof Snow Coat,0.3876823520324158,0.9,0.7606344672921045,0.6679091525381561,0.6453045634920634,0.9221435975688448,1
warm winter jacket,B0B2NTYHTK,Mens Lightweight Jacket Casual Bomber Jacket Varsity Coat,0.27026936583837696,0.9,0.8669597154082052,0.5825859019199225,0.7139349206349206,0.9712655183686938,1
warm winter jacket,B08SS8M9JT,Amazon Essentials Men's Packable Lightweight Water-Resistant Puffer Jacket (Available in Big & Tall),0.24705811941880382,0.9,0.8652830480340666,0.8169666182073961,0.6316356185157909,1.0,1
warm winter jacket,B07QPQLW34,Gerber baby-boys 5-pack Short Sleeve Variety Onesies Bodysuits,0.0,0.96,0.9569272330449057,0.7798449440398607,0.7669834280136364,0.0,0
warm winter jacket,B0CPQS2BBR,Hey Dude Wendy Slip Classic | Women's Shoes | Women's Slip On Loafers | Comfortable & Light-Weight,0.0,0.9199999999999999,0.7769594823105458,0.5097539520981293,0.6735816137566137,0.0,0
warm winter jacket,B07ZHXGYVG,"MAGCOMSEN Men's Hooded Windproof Water Resistant Rain Jacket Windbreaker 5 Pockets for Hiking,Fishing,Travel",0.0,0.8800000000000001,0.8555326138385582,0.544721045484335,0.6638824486624486,0.8572079503886925,0
warm winter jacket,B072FBNZHL,Skechers Men's Go Walk Max Slip-On Shoes,0.0,0.8800000000000001,0.8207393121656122,0.8640664516958683,0.6149398946122058,0.950878079200151,0
warm winter jacket,B07VKTGVV5,Hudson Baby Baby Girls' Cotton Dress and Cardigan Set,0.0,0.9400000000000001,0.971235748838499,0.7617093998293364,0.728125,0.0,0
warm winter jacket,B0D8GYHB4M,Women's Pure Banarasi Silk Saree Kanjivaram Style Saree With Blouse Piece For Wedding (Vruksh),0.0,0.74,0.9150105486914429,0.5537208158912161,0.6086805555833333,0.0,0
warm winter jacket,B08KL9BZ17,PUMA Men's Axelion Cross Trainer,0.0,0.9,0.8587195086792073,0.7414673072807629,0.7050413197913198,0.7385766696204519,0
warm winter jacket,B0CKMCTKJ4,adidas Men's Lite Racer Adapt 7.0 Sneaker,0.0,0.8800000000000001,0.8612165162368878,0.5844819694619149,0.651689591641675,0.950878079200151,0
warm winter jacket,B0CBJH8DMC,Blooming Jelly Women's Dressy Casual Blouses Business Work Tops Long Sleeve V Neck Pleated Shirts 2025 Fall Outfits,0.0,0.8800000000000001,0.9160288174137856,0.55566006346077,0.6931778032712098,0.7913336411211247,0
warm winter jacket,B07BJLDWXJ,Amazon Essentials Men's Skinny-Fit Stretch Jean,0.0,0.86,0.9057684309705818,0.7716253238318195,0.6168153998778998,0.7677554658829605,0
warm winter jacket,B0BPY4RXD3,Women Rayon Anarkali Embroidered Printed Anarkali Salwar Kameez,0.0,0.76,0.8382110040906594,0.6787677199001982,0.657729828042328,0.0,0
warm winter jacket,B0CBKCGNFR,Lee Men's Extreme Motion Regular Straight Jean,0.0,0.9199999999999999,0.8721483875162708,0.6507371809103337,0.5753151142982276,0.803512316800604,0
warm winter jacket,B09JFZTWVJ,J.VER Men's Dress Shirts Solid Long Sleeve Stretch Wrinkle-Free Formal Shirt Business Casual Button Down Shirts,0.0,0.8800000000000001,0.9405695025655055,0.8030287785843752,0.682411310070401,1.0,0
warm winter jacket,B0C24NCRHX,The Children's Place Boys' Long Sleeve Thermal Henley Shirt,0.0,0.96,0.9816028694730807,0.5460939444753813,0.6970625,0.0,0
warm winter jacket,B0BRXJV1PP,ABAFIP Men's Sissy Skirted Thong Panties Bowknot Low Rise G-string Bikini Briefs Underwear with 4 Gaters Belt,0.0,0.76,0.9487892621314041,0.29963964538110005,0.5800595238095237,0.7075184404144228,0
warm winter jacket,B0DMSVLHJ1,COOFANDY Men's Textured Polo Shirts Short Sleeve Slim Fit Casual Button Polo T-Shirt Summer Collared Golf Shirt,0.0,0.9,0.9201223394662554,0.2920927961899811,0.6083381112861811,0.0,0
warm winter jacket,B0DN375DNC,Polo Shirts for Men - Dry Fit Moisture Wicking Black Short Sleeve Performance Golf T Shirts for Casual Work Athletic,0.0,0.9400000000000001,0.9814638287640058,0.3065293788954055,0.7276785714285714,0.7894928116095515,0
warm winter jacket,B0C9CPWWR1,OIIIO Men's Ripped Slim Fit Straight Leg Jean Denim Pant,0.0,0.8400000000000001,0.9058866155732955,0.4775216275085711,0.7112916666666667,0.7249215248800267,0
warm winter jacket,B01BFJM9BW,French Toast Boys' Short Sleeve Crewneck Tee,0.0,0.9199999999999999,0.9916219793917133,0.7367390375865195,0.7231845238095238,0.0,0
warm winter jacket,B0B47TJ3TN,"POLO RALPH LAUREN Men's 4D Flex Cooling Microfiber Boxer Briefs & Long Leg Boxer Briefs, 3 Pack",0.0,0.9400000000000001,0.7994431828544812,0.5928492722807782,0.6786363636363637,0.7104352287012442,0
breathable athletic shorts,B085NF55WL,COOFANDY Men's 2 Pack Gym Workout Shorts 7 Inch Quick Dry Athletic Shorts Lightweight Running Shorts with Pockets,1.0,0.8400000000000001,0.8996649527854557,0.7540757441417282,0.62267511007511,0.8730216767689958,1
breathable athletic shorts,B07R1J9J3J,"MIER Men's Workout Running Shorts Quick Dry Active 5 Inches Shorts with Pockets, Lightweight, Breathable",0.9743247842840725,0.9,0.9446532099796878,0.6483086273890318,0.607502257575013,0.9350643528198477,1
breathable athletic shorts,B0CRHF41F7,5 Pack Athletic Gym Mens Shorts - Workout Black Quick Dry Basketball Shorts with Pockets for Running Casual Activewear,0.9738208863383525,0.9,0.9116919741204346,0.6317927678968567,0.6779773565323565,0.7511439680213623,1
breathable athletic shorts,B07BPPGDWH,Nike Dri-FIT Icon,0.9430241149066675,0.9,0.8863845203524927,0.7430070895490033,0.5811458333333333,0.8368205112201498,1
breathable athletic shorts,B08JGBB9N1,BALENNZ Athletic Shorts for Men with Pockets and Elastic Waistband Quick Dry Activewear,0.9212883097057828,0.9199999999999999,0.8996620901826218,0.803984060490635,0.6623615189886741,1.0,1
breathable athletic shorts,B08LT8LY5N,"Ultra Performance Mens 5 Pack Athletic Running Shorts, Basketball Gym Workout Shorts for Men with Zippered Pockets",0.9179927780174373,0.82,0.8873823419117361,0.7025411435825448,0.5440578368999421,0.7638534922619221,1
breathable athletic shorts,B0BWNHZCCR,NY Threads Men's Athletic Shorts Quick Dry Loose-Fit Lightweight Running Workout Gym Shorts with Pockets,0.8739814612428854,0.9199999999999999,0.9896345151384661,0.5665784799060319,0.6500308000822707,0.7677554658829605,1
breathable athletic shorts,B09VBK13ZV,"maamgic Mens 5"" Gym Running Shorts for Men 2 in 1 Quick Dry Workout Athletic Shorts",0.8872090567042635,0.9199999999999999,0.8874068785074553,0.584826346452292,0.6695070808334007,0.8442871951376896,1
breathable athletic shorts,B08JTQP6VY,Men's Athletic Shorts with Pockets and Elastic Waistband Quick Dry Activewear Workout Shorts for Men,0.8377997733008409,0.9,0.9172842732280795,0.6823285423253462,0.6155799854441648,0.7500940532399261,1
breathable athletic shorts,B0CRRF28SH,3 Pack Gym Basketball Mens Shorts - Quick Dry Black Workout Athletic Shorts with Pockets for Casual Running (S-6XL),0.8457717467741742,0.9,0.944647893717282,0.5687128944378851,0.6607141504329004,0.737696311075228,1
breathable athletic shorts,B0DNJFL4RN,Minetom Women's Rolled Up 3/4 Sleeve Tops V Neck T Shirts Button Side Blouses,0.0,0.9,0.9610506079555005,0.23720802680149816,0.6356385840681507,0.6921634078784253,0
breathable athletic shorts,B071GB2K21,Skechers Women's Go Walk Joy Sneaker,0.0,0.9,0.8791748506436972,0.9081162293414555,0.5945202380785715,0.0,0
breathable athletic shorts,B08SS8M9JT,Amazon Essentials Men's Packable Lightweight Water-Resistant Puffer Jacket (Available in Big & Tall),0.0,0.9,0.8652830480340666,0.8169666182073961,0.6316356185157909,1.0,0
breathable athletic shorts,B01M2CO9DQ,"Simple Joys by Carter's Baby Girls' Long-Sleeve Bodysuit, Pack of 5",0.0,0.96,0.9600699620132604,0.8431442621082929,0.703250000011111,0.0,0
breathable athletic shorts,B071WY2Q29,"Amazon Essentials Men's Crew Neck T-Shirts, Pack of 6, Versatile Basics,",0.0,0.8800000000000001,0.922535104711967,0.8440025560662554,0.6188825779273753,0.8934091159375386,0
breathable athletic shorts,B0BY9YZMW6,Skechers Men's Garza Gervin Slip in,0.0,0.9199999999999999,0.6951990469986222,0.6043486685980829,0.6452370661745661,0.901756158400302,0
breathable athletic shorts,B0CBL2WWBG,Lee Men's Legendary Regular Straight Jean,0.0,0.9,0.9298801346404796,0.5838384111834081,0.5854382284382285,0.7613666423101718,0
breathable athletic shorts,B0BPHD8XCN,POLO RALPH LAUREN Slim Fit Undershirt w/Wicking 5-Pack Crews,0.0,0.9199999999999999,0.7728569635063123,0.48852202211362544,0.6765833333333333,0.7009721324400771,0
breathable athletic shorts,B0018OMIOI,Levi's Men's 550 Relaxed Fit Jeans (Also Available in Big & Tall),0.0,0.8800000000000001,0.8432258753123816,0.895073572215704,0.6234433376710974,0.901756158400302,0
breathable athletic shorts,B0BNVZFBQX,MAGCOMSEN Men's Winter Coats Water Resistant Ski Snow Jacket Warm Fleece Jacket Parka Raincoats With Multi-Pockets,0.0,0.9199999999999999,0.7443176311389029,0.7046335056335286,0.635028783014274,1.0,0
breathable athletic shorts,B0BSF2B5JH,Womens Smocked Cuffed Striped Boyfriend Shirt Casual Collar Long Sleeve Oversized Button Down Blouse Tops with Pocket Shirred,0.0,0.8400000000000001,0.9037646089868554,0.6133674598762311,0.6306186229445158,1.0,0
breathable athletic shorts,B0BN39ZRYD,TRENDMALLS Women 's White Georgette Embroidery Sequence Work Lehenga Choli Set with Dupatta For Women,0.0,0.8800000000000001,0.6379105943704053,0.4409125688395171,0.7041145833333333,0.0,0
breathable athletic shorts,B0BZ76N2MX,PRETTYGARDEN Women's Summer Wrap Maxi Dress Casual Boho Floral V Neck Short Sleeve Ruffle Hem Split Beach Long Dresses,0.0,0.82,0.8260653892097048,0.7624838019394165,0.6144390401554778,0.8859424320199987,0
breathable athletic shorts,B07B6KT78H,Lee Women's Ultra Lux Comfort with Flex Motion Bootcut Jean,0.0,0.8800000000000001,0.9090297534849122,0.769242385498304,0.6077250434527004,0.0,0
breathable athletic shorts,B00G99WZJU,"Hanes Men's Tagless Boxer Underwear, Exposed Waistband, Multi-packs Available",0.0,0.9199999999999999,0.9283012047059555,0.9187155753010818,0.6775814814814815,0.950878079200151,0
breathable athletic shorts,B01FKZRV4M,The Children's Place Boys' Bottoms Cargo Shorts,0.0,0.9400000000000001,0.9733548928221052,0.7638671088678672,0.6740206275206275,0.0,0
breathable athletic shorts,B0CJTZLCQ2,COOFANDY Men's Cuban Guayabera Shirt Short Sleeve Button Down Shirts Casual Summer Beach Linen Shirts,0.0,0.8800000000000001,0.8996751763670053,0.6014576386179642,0.6668885281385282,0.8210067848398465,0
breathable athletic shorts,B0C4T5L78D,Skechers USA Men's Slip-ins: Delson 3.0-Roth Loafer,0.0,0.9400000000000001,0.7843421350191611,0.5628448781268047,0.6777087301587301,0.8859424320199987,0
breathable athletic shorts,B09MHPSWY2,ZITY 5 Pack Mens Polo Shirt Short Sleeve Sports Golf Tennis T-Shirt Moisture-Wicking Summer Shirts,0.0,0.8800000000000001,0.742626650750595,0.5664547580298965,0.6241418442668442,0.8483378948396241,0
breathable athletic shorts,B07BJT1V5K,Amazon Essentials Mens Straight-Fit Casual Stretch Chino Pants,0.0,0.86,0.9253977075458619,0.7325735242114153,0.6920979888230159,0.8442871951376896,0
formal dress shirt for office,B09JFZTWVJ,J.VER Men's Dress Shirts Solid Long Sleeve Stretch Wrinkle-Free Formal Shirt Business Casual Button Down Shirts,1.0,0.8800000000000001,0.9405695025655055,0.8030287785843752,0.682411310070401,1.0,1
formal dress shirt for office,B0B28SWXWP,Alimens & Gentle Mens Solid Oxford Shirt Long Sleeve Dress Shirt Work Casual Button Down Shirts with Pocket,0.7385186361473889,0.86,0.9282917990109298,0.68526805663799,0.6785938594187675,0.9112192546614691,1
formal dress shirt for office,B0BRSFKFJ4,PRETTYGARDEN Women's 2025 Summer Satin Dress Elegant Sleeveless Mock Neck Cocktail Party Maxi Dresses,0.7085543826633117,0.82,0.7933499282509047,0.6361980308529811,0.6850645141895142,0.950878079200151,1
formal dress shirt for office,B0C49Y4YXF,Alimens & Gentle Men's Plaid Button Down Shirts Cotton Long Sleeve Dress Shirts Regular Fit Gingham Shirts,0.6572488225396715,0.86,0.9283012047059555,0.6359152836508064,0.6626707551707551,0.8791879948166543,1
formal dress shirt for office,B0D6YY28SS,Dokotoo Womens 2025 Casual Dress Smocked Crewneck Button Up Long Sleeve Empire Waist A-Line Mini Dress,0.6210958313301503,0.8800000000000001,0.8792280132677552,0.4859974091806066,0.6415083784849409,0.8057622820141208,1
formal dress shirt for office,B0CW39BXTQ,COOFANDY Mens Short Sleeve Casual Button Down Shirts Summer Untucked Dress Shirts with Pocket,0.5052828167677196,0.8400000000000001,0.9405613237002659,0.5521789760983197,0.6289002976285714,0.7793515479575372,1
formal dress shirt for office,B0DLGRS1BJ,Zeagoo Women Summer Short Sleeve Midi Dress with Pockets Casual Aline Flowy Tshirt Dress Floral Vocation Beach Sundress,0.47835418610386393,0.86,0.8874068785074553,0.3527040590911603,0.6593407738095238,0.7213595716086199,1
formal dress shirt for office,B0CYC659P1,AUTOMET Womens Summer Tops Going Out Workout Outfits Spring T Shirts Business Casual Dressy Fashion Trendy Clothes 2025,0.41853946656862995,0.86,0.9814638287640058,0.5829888645433785,0.6247260332260332,1.0,1
formal dress shirt for office,B0CQ4Q7SNQ,Dokotoo Summer Dress Casual Womens Fashion Short Sleeve Maxi Dress T Shirt Dress Striped Long Color Block Maxi Dress,0.43828386840657285,0.86,0.8915126688577847,0.5353947509668361,0.6992192002442001,0.7589641087889946,1
formal dress shirt for office,B0CC2FCKG3,Stretch Mens Dress Shirts Long Sleeve Slim Fit Dress Shirts for Men Muscle Fit Wrinkle Free Button Down Shirt,0.3512145068929274,0.8800000000000001,0.9160329068464054,0.6233264407784815,0.6481346983459991,0.852634237600453,1
formal dress shirt for office,B07BHKQ8SM,Lee Men's Extreme Motion Athletic Taper Jean,0.0,0.9199999999999999,0.8591284519411924,0.7498479754463264,0.5528659611992945,0.8080860295888435,0
formal dress shirt for office,B07PPXVTXJ,Under Armour Men's Tech Golf Shorts,0.0,0.9199999999999999,0.8588900380194551,0.6789922224169572,0.6425186931804578,0.7777939478613575,0
formal dress shirt for office,B07FMXG9PB,Polo Ralph Lauren Men's Slim Fit Cotton V-neck Undershirt 3-pack,0.0,0.9,0.8198903459537313,0.6438474473960284,0.6502108134920634,0.5545902074730888,0
formal dress shirt for office,B0C3J6QB6L,"Hanes Boys' Originals Crewneck Undershirts Pack, Stretch Cotton, Black & Assorted, 5-Pack",0.0,0.9199999999999999,0.9544735734729957,0.4963994854995397,0.6507885213744589,0.0,0
formal dress shirt for office,B09Z5X9B86,PRETTYGARDEN Women's Summer Casual Boho Dress Floral Print Ruffle Puff Short Sleeve Flowy Midi Beach Party Dresses,0.0,0.8,0.8653157634950254,0.7541972466080782,0.6392656822344323,0.7522096715856501,0
formal dress shirt for office,B0D8BFFRTF,Timeson Women's 3/4 Sleeve Tops Dressy Casual Business Work Blouses Chiffon Office Shirts,0.0,0.8800000000000001,0.9303418315832607,0.5591983491907171,0.6662646001388123,0.950878079200151,0
formal dress shirt for office,B0DD72RFZ8,Memoriesea Women's Elegant Casual Short Sleeve Work Party A-Line Dress with Pockets,0.36915684354096856,0.86,0.846512552308955,0.5289039199819148,0.6198876163324692,0.8129754130617711,0
formal dress shirt for office,B0B2NTYHTK,Mens Lightweight Jacket Casual Bomber Jacket Varsity Coat,0.0,0.9,0.8669597154082052,0.5825859019199225,0.7139349206349206,0.9712655183686938,0
formal dress shirt for office,B0D5H9N2TM,AUTOMET Womens Long Sleeve Shirts Pleated Crew Neck Casual Fall Fashion Tops Loose Fit Lightweight Girls Outfits Clothes,0.0,0.86,0.9814458352604785,0.5624551382852403,0.6208158243110166,0.7147315714620732,0
formal dress shirt for office,B00VTV5XU6,"Fruit of the Loom Men's Cotton Briefs, Tag Free & Moisture Wicking, Assorted Color Multipacks",0.0,0.9199999999999999,0.9765008933365558,0.8900440387864552,0.678199469181612,1.0,0
formal dress shirt for office,B01M0DR0HO,"Gildan Adult Fleece Open Bottom Sweatpants with Pockets, Style G18300",0.0,0.86,0.977368261995226,0.8098100056478763,0.6158655277900634,0.8934091159375386,0
formal dress shirt for office,B0744PN2MV,Simple Joys by Carter's Baby 3-Pack Neutral Cotton Sleeper Gown,0.0,0.96,0.9548416224087821,0.7758879147120411,0.7184397411504266,0.0,0
formal dress shirt for office,B01MSUQY5T,Haggar Men's Cool 18 Pro Classic Fit Pleat Front Hidden Expandable Waist Pant (Regular and Big & Tall Sizes),0.0,0.9199999999999999,0.8669000096919552,0.6748504424197418,0.7220238095238094,0.8057622820141208,0
formal dress shirt for office,B098QPTCF8,"JUNBAOSS Men's Slim Fit Stretch Jeans Ripped Skinny Jeans for Men, Distressed Straight Leg Fashion Comfort Flex Waist Pants",0.0,0.8800000000000001,0.8833174458876052,0.6958016328184758,0.6502200577061688,0.765130426836653,0
formal dress shirt for office,B0CY29F6G4,"Toddler Boys Shirts Short-Sleeve Little Kids t Shirts Boys' Tops, Tees & Shirts Graphic TEE Age for 2-7 Years 4-Pack",0.0,0.9199999999999999,0.9201632337924539,0.5677442953921871,0.6154843073593073,0.0,0
formal dress shirt for office,B0DQ141MYK,Rapbin Summer Tops for Women 2025 Short Sleeve Lapel V Neck Blouses Business Work Casual Chiffon Tunics Tops for Leggings,0.0,0.8400000000000001,0.9610166656647556,0.2920927961899811,0.6345669866630863,0.5231982713567487,0
formal dress shirt for office,B0DY18VBQQ,TRENDMALLS Women's Art Silk Embroidery Sequin work Lehenga Choli with Dupatta Ready To Wear,0.0,0.8800000000000001,0.9039281862916493,0.0,0.5,0.0,0
formal dress shirt for office,B01NA0C8IO,Dockers Men's Classic Fit Easy Khaki Pants - Pleated (Standard and Big & Tall),0.0,0.9,0.858780850168505,0.7809124331294653,0.6589671914220233,0.8155527135063834,0
formal dress shirt for office,B0D98NLXK8,Lee Men's Legendary Loose Jean,0.0,0.9,0.9573954730798785,0.4094091841580658,0.6812395521145521,0.7359677387573109,0
formal dress shirt for office,B09XH244ZF,adidas Men's Sportswear Basic 3-stripes Tricot Track Suit,0.0,0.9199999999999999,0.836967816574225,0.5995650729194534,0.7314997086247086,1.0,0
stretchy skinny jeans,B07J31WFNB,Amazon Essentials Skinny Jeans for Women (Stretchy),1.0,0.8400000000000001,0.9517283373552903,0.7563079784812138,0.6068683150496056,0.0,1
stretchy skinny jeans,B071H3C5HP,Levi's Men's 511 Slim Fit Jeans (Also Available in Big & Tall),0.680878386216967,0.9,0.7769921977715046,0.8580242429632281,0.6336519751551195,0.8859424320199987,1
stretchy skinny jeans,B07PLVGLW8,Levi's Women's 311 Shaping Skinny Jeans (Also Available in Plus),0.6670778186544365,0.8800000000000001,0.8233540953827443,0.7889558164894712,0.686303943452381,0.0,1
stretchy skinny jeans,B09YPYFC4Q,VIPONES Women Jeans High Waisted Skinny Stretchy Soft Slim Fit Distressed Comfy Classic Jeggings Denim Pants,0.521251613860578,0.8,0.8873741630464964,0.5952522203511678,0.6145454025141525,0.0,1
stretchy skinny jeans,B0BQHVRH11,"HUNGSON Men's Slim Fit Stretch Jeans Ripped Skinny Jeans for Men, Distressed Straight Leg Fashion Comfort Flex Waist Pants",0.44979394299761033,0.82,0.8751385806479052,0.5872435666540361,0.6490658068544973,0.7470345298564405,1
stretchy skinny jeans,B0D91GGC4Z,KUNMI Women's Skinny Ripped Trendy Jeans Distressed Stretchy Denim Pants,0.4560808986529276,0.86,0.8710491480280551,0.48356619235347675,0.6380910663410663,0.0,1
stretchy skinny jeans,B098QPTCF8,"JUNBAOSS Men's Slim Fit Stretch Jeans Ripped Skinny Jeans for Men, Distressed Straight Leg Fashion Comfort Flex Waist Pants",0.37882399269680844,0.8800000000000001,0.8833174458876052,0.6958016328184758,0.6502200577061688,0.765130426836653,1
stretchy skinny jeans,B09K1PMWR6,Levi Strauss Signature Gold Men's Slim Fit Jeans,0.33024407761956437,0.9,0.9078540416067054,0.726011158897855,0.6466868361738146,0.8238997559691468,1
stretchy skinny jeans,B0D4QWZDB8,Men's Ripped Skinny Slim Fit Stretch Distressed Destroyed Jeans Denim Pants,0.32443504789830596,0.9199999999999999,0.9405695025655055,0.3267946913893395,0.6861870748085034,0.6536978979029593,1
stretchy skinny jeans,B01N58LDY4,FREDD MARSHALL Men's Skinny Slim Fit Stretch Straight Leg Fashion Jeans Pants,0.29527862205261307,0.86,0.924195414355626,0.731718072437965,0.6323630501443002,0.7179681134190552,1
stretchy skinny jeans,B0BLYVSVTL,maamgic Men's 5/7 Inseam Shorts Casual Classic Fit Short Men with Multi-Pocket Mens Workout Shorts Hybrid Quick Dry Shorts,0.0,0.9,0.9078540416067054,0.48142117672704665,0.5797131057599807,0.8404555619209737,0
stretchy skinny jeans,B00021NY28,Gloria Vanderbilt Women's Amanda Classic High Rise Tapered Jean,0.0,0.86,0.9537517886155921,0.8878960774339782,0.6345309457407672,0.0,0
stretchy skinny jeans,B077XM54L9,Under Armour Men's Sportstyle Left Chest Short Sleeve T-Shirt,0.0,0.9199999999999999,0.952824714240672,0.5833897868410135,0.6935456349373016,0.9221435975688448,0
stretchy skinny jeans,B00XPFFXKO,Hanes Boys' Eco Smart Pullover Hoodie,0.0,0.8800000000000001,0.9650529356605476,0.7222678511507872,0.660626748616113,0.0,0
stretchy skinny jeans,B06VZ3RCYS,"Hanes Men’s X-Temp Short Sleeve Polo Shirt, Midweight Men's Shirt",0.0,0.9,0.9773163262009539,0.8129023588689245,0.6399401455026454,1.0,0
stretchy skinny jeans,B0CLQXF321,LOMON 3/4 Length Sleeve Womens Tops Summer Loose V-Neck Eyelet T-Shirts Dressy Casual Ruffle Sleeve Tunic Blouses,0.0,0.8400000000000001,0.9610166656647556,0.584531257969337,0.6320922619047619,0.8080860295888435,0
stretchy skinny jeans,B01NA0C8IO,Dockers Men's Classic Fit Easy Khaki Pants - Pleated (Standard and Big & Tall),0.0,0.9,0.858780850168505,0.7809124331294653,0.6589671914220233,0.8155527135063834,0
stretchy skinny jeans,B0D1B42GVJ,Mens Running Shoes Fashion Sneakers Tennis Walking Shoes Lightweight Athletic Gym Workout Shoes,0.0,0.8,0.9292417742085209,0.44976734014965475,0.6333420138888889,0.7913336411211247,0
stretchy skinny jeans,B07HNTS427,"Calvin Klein Men's Modern Fit Dress Pants | Suit Pants for Men | Performance Stretch Fabric, Flat Front, Ready-to-Wear",0.0,0.9,0.8292056645184878,0.6883948689221852,0.6889270833333333,0.8572079503886925,0
stretchy skinny jeans,B072FBNZHL,Skechers Men's Go Walk Max Slip-On Shoes,0.0,0.8800000000000001,0.8207393121656122,0.8640664516958683,0.6149398946122058,0.950878079200151,0
stretchy skinny jeans,B0C523G7RV,HUGO mens Underwear Gift Set With Trunk and Quarter Length Socks,0.0,0.8800000000000001,0.938565680581779,0.0,0.5,0.6698466979643963,0
stretchy skinny jeans,B0BQVR9CCL,POLO RALPH LAUREN mens Classic Fit Undershirt W/Wicking Crews 5-pack,0.0,0.9199999999999999,0.7381016935567308,0.49803216158164226,0.6895918367346938,0.6503039404468839,0
stretchy skinny jeans,B07H12JDN6,Lee Men's Extreme Motion Regular Boot Jean,0.0,0.9400000000000001,0.8591284519411924,0.6869753669511529,0.7025484424269146,0.8057622820141208,0
stretchy skinny jeans,B077ZJC1N9,"Gildan Men's V-Neck T-Shirts, Multipack, Style G1103",0.0,0.9,0.9604752247858875,0.9375395380186572,0.6548777062106894,0.9112192546614691,0
stretchy skinny jeans,B0018OMIOI,Levi's Men's 550 Relaxed Fit Jeans (Also Available in Big & Tall),0.12407349993538004,0.8800000000000001,0.8432258753123816,0.895073572215704,0.6234433376710974,0.901756158400302,0
stretchy skinny jeans,B01MSUQY5T,Haggar Men's Cool 18 Pro Classic Fit Pleat Front Hidden Expandable Waist Pant (Regular and Big & Tall Sizes),0.0,0.9199999999999999,0.8669000096919552,0.6748504424197418,0.7220238095238094,0.8057622820141208,0
stretchy skinny jeans,B085G4DXLK,Women Art silk Sarees SDPL-METRO,0.0,0.6799999999999999,0.9616709748839317,0.6338279935088318,0.5433333333333333,0.0,0
stretchy skinny jeans,B0CBL2WWBG,Lee Men's Legendary Regular Straight Jean,0.0,0.9,0.9298801346404796,0.5838384111834081,0.5854382284382285,0.7613666423101718,0
stretchy skinny jeans,B07NWY7XK9,Real Essentials 4 Pack: Men's Dry-Fit UV Moisture Wicking UPF 50+ SPF Sun Protective Fishing Hiking Active Long Sleeve Shirt,0.0,0.8800000000000001,0.8792157449698956,0.8627682380022547,0.5,0.7532916460607055,0
stretchy skinny jeans,B0D2HTM4XW,"Women's Latest Chiffon Batik Printed Saree with Blouse Piece, Light Blue, White, One Size, Light Blue, White, One Size",0.0,0.64,0.8342442544494049,0.27190992200085656,0.5479375,0.0,0
lightweight summer shirt,B0CJTZLCQ2,COOFANDY Men's Cuban Guayabera Shirt Short Sleeve Button Down Shirts Casual Summer Beach Linen Shirts,1.0,0.8800000000000001,0.8996751763670053,0.6014576386179642,0.6668885281385282,0.8210067848398465,1
lightweight summer shirt,B0DWSPXNB7,Nuofengkudu Men's Quarter Zip Polo Shirt Short Sleeve Collared Shirts Vintage Textured Casual Summer T Shirt,0.7998779318645992,0.8800000000000001,0.9160329068464054,0.0,0.5,0.0,1
lightweight summer shirt,B0DJKR8WY6,JMIERR Mens Cotton Pants Casual Elastic Waist Drawstring Lightweight Summer Beach Trousers with Pockets,0.6090473425886145,0.9,0.9201223394662554,0.3489327756487508,0.6708125,0.8238997559691468,1
lightweight summer shirt,B0DR8Q5186,ZITY Men's 3 Pack Polo Shirts Short Sleeve Moisture-Wicking Golf Shirt Business Causal Tops,0.6343867982701294,0.9199999999999999,0.899655956033692,0.14187507072995675,0.6193121980676328,0.0,1
lightweight summer shirt,B005LCMU00,"U.S. Polo Assn. Men's Classic Polo Shirt, Two-Button Closure Pique Polo Shirt, Summer Fashion Golf Shirt",0.5020061970633606,0.9,0.9405735919981254,0.7604639994355932,0.6542162899235268,0.950878079200151,1
lightweight summer shirt,B0CQLQLWXL,COOFANDY Men's Button Down Shirts Short Sleeve Casual Shirts Summer Beach Shirts Vacation Wedding Shirts with Pocket,0.4422555847546303,0.8800000000000001,0.8996751763670053,0.5363059461155295,0.7338419913419914,0.8129754130617711,1
lightweight summer shirt,B0CSK8H46P,AUTOMET Womens Summer Tops Spring Shirts Trendy Vacation Outfits Short Sleeve Business Tshirts Fashion Casual Blouses,0.43384318739117544,0.9,0.9732849635243057,0.5966174608030358,0.6670938150379769,0.8404555619209737,1
lightweight summer shirt,B0BV257YG8,COOFANDY Men's Linen Shirts Short Sleeve Casual Shirts Button Down Shirt for Men Beach Summer Wedding Shirt,0.4343973945329456,0.8400000000000001,0.8996694511613376,0.6889635269551752,0.5724173407777574,0.9712655183686938,1
lightweight summer shirt,B0CW39BXTQ,COOFANDY Mens Short Sleeve Casual Button Down Shirts Summer Untucked Dress Shirts with Pocket,0.424406680198942,0.8400000000000001,0.9405613237002659,0.5521789760983197,0.6289002976285714,0.7793515479575372,1
lightweight summer shirt,B088CTB3KC,Adibosy Women Summer Casual Shirts: Short Sleeve Striped Tunic Tops - Womens Crew Neck Tee Tshirt Blouses,0.40273520626841364,0.8800000000000001,0.9650856511215065,0.7688205407757485,0.6660236291486291,0.8368205112201498,1
lightweight summer shirt,B00SMJOETO,Clarks Men's Tilden Cap Oxford,0.0,0.9,0.7842979691468667,0.774352076066049,0.6529388218031968,1.0,0
lightweight summer shirt,B07BJT1V5K,Amazon Essentials Mens Straight-Fit Casual Stretch Chino Pants,0.0,0.86,0.9253977075458619,0.7325735242114153,0.6920979888230159,0.8442871951376896,0
lightweight summer shirt,B07PNRZFKQ,Under Armour Men's Woven Vital Pants,0.0,0.86,0.8906702457380955,0.7623795945352635,0.6578397817460317,0.9350643528198477,0
lightweight summer shirt,B078LZL68J,Wrangler Authentics Men's Classic 5-Pocket Regular Fit Flex Jean,0.0,0.9,0.8923959863036722,0.8623518730549848,0.584305835385002,0.8404555619209737,0
lightweight summer shirt,B0C61X5ZD7,3 Pcs Men's Oversized Heavy Cotton Summer T-Shirts Vintage Tee Loose Fit Short Sleeve Casual Tshirts for Men Women,0.26656986852781256,0.9,0.8751058651869463,0.527600070635631,0.6363946886518315,0.8080860295888435,0
lightweight summer shirt,B0BQQYDHLG,JMIERR Mens Casual Twill Cargo Shorts Cotton Drawstring Classic Cargo Stretch Short with 6 Pockets,0.0,0.86,0.936467801647796,0.6565014080289844,0.6937252152463549,0.9221435975688448,0
lightweight summer shirt,B0C8GBQ3QS,3 Pack Mens Polo Shirts Short Sleeve Sport Golf Tennis T Shirt Quick Dry Athletic Workout Polo,0.29004507731235735,0.8400000000000001,0.8914717745315862,0.6060564699084177,0.85,0.6352076108808136,0
lightweight summer shirt,B09YPRWH1T,SCODI Men's Flannel Shirt Jacket Fleece Sherpa Lined Plaid Jackets Coat Full Zip Up Hoodie Winter Outwear,0.0,0.86,0.776981974189955,0.5444762787218347,0.6005939813163977,0.5658787406082211,0
lightweight summer shirt,B0CT5QSZJ5,Blooming Jelly Womens Summer Tank Top Sleeveless Business Casual Outfits 2025 Basic Loose Dressy Work Shirt,0.3066529437448749,0.8800000000000001,0.9610166656647556,0.6068410112059907,0.6978667536167535,0.9221435975688448,0
lightweight summer shirt,B071H3C5HP,Levi's Men's 511 Slim Fit Jeans (Also Available in Big & Tall),0.0,0.9,0.7769921977715046,0.8580242429632281,0.6336519751551195,0.8859424320199987,0
lightweight summer shirt,B001NSEC9I,Haggar Men’s Hidden Expandable Waistband Classic Fit Pleated Front Gabardine Dress Pant,0.0,0.9,0.756504140346056,0.7057926011937858,0.6566084656251323,0.7718848640399975,0
lightweight summer shirt,B07CL5HT3S,Simple Joys by Carter's Baby Hooded Sweater Jacket with Sherpa Lining,0.0,0.96,0.9487074734790071,0.8213267811806911,0.650281746031746,0.0,0
lightweight summer shirt,B0B2F3PM2R,On Men's Cloud X 3 Shift Sneakers,0.0,0.9,0.4780910692107846,0.5921810659134756,0.6827334570354978,0.7342803268596227,0
lightweight summer shirt,B0DYJ52MFG,Linen Tops for Women Casual 3/4 Sleeve Crewneck Casual Linen Shirts Summer Beach Solid Blouses Tunic Tops Plus Size,0.2487862988860918,0.8800000000000001,0.9160329068464054,0.0,0.5,0.4380535333533996,0
lightweight summer shirt,B086KKT44V,"New Balance Men's 5"" Performance No Fly Boxer Brief (4 Pack)",0.0,0.9400000000000001,0.9508748727675276,0.5338212406970225,0.6002041666666666,0.7677554658829605,0
lightweight summer shirt,B0BSF2B5JH,Womens Smocked Cuffed Striped Boyfriend Shirt Casual Collar Long Sleeve Oversized Button Down Blouse Tops with Pocket Shirred,0.25141460100156593,0.8400000000000001,0.9037646089868554,0.6133674598762311,0.6306186229445158,1.0,0
lightweight summer shirt,B01GH5KOZ2,Under Armour Men's Tech Golf Polo,0.0,0.9400000000000001,0.9423479968118783,0.8727102310172988,0.5,1.0,0
lightweight summer shirt,B0DSFZP271,3 Pack Polo Shirts for Men Short Sleeve Moisture-Wicking Golf Shirts Athletic Casual Collared T-Shirt,0.0,1.0,0.8898417266893139,0.12743848802453234,0.6278056094232565,0.6503039404468839,0
lightweight summer shirt,B07YHG62J6,THE GYM PEOPLE Mens' Fleece Joggers Pants with Deep Pockets in Loose-fit Style,0.0,0.8800000000000001,0.9119307969854339,0.706016023804493,0.6280532720838785,0.8129754130617711,0
lightweight summer shirt,B08ZQM6Y2B,Calvin Klein Men's Full Zip Down Puffer Coat,0.0,0.9199999999999999,0.7360978715730044,0.6223850523083099,0.7408365384615385,0.9112192546614691,0
leather dress shoes,B0BW8KKPQH,SERNIAL Womens White Tennis Shoes PU Leather Sneakers Casual Walking Shoes for Women,1.0,0.82,0.9266437576651303,0.6211225478767239,0.6453255494309523,0.0,1
leather dress shoes,B073T4FJS1,Bruno Marc Men's Slip on Dress Loafers Formal Shoes,0.6640297391766824,0.8800000000000001,0.8587738981330513,0.7014119496565772,0.6806011904761904,0.852634237600453,1
leather dress shoes,B0B3TBJ79D,VILOCY Men's Casual Dress Sneakers Oxfords Business Mesh Breathable Walking Shoes Tennis Comfortable,0.4838563146970884,0.8800000000000001,0.8464839262806161,0.7189997836660952,0.6470876623376622,0.9712655183686938,1
leather dress shoes,B091M4492K,adidas Men's Hoops 3.0 Mid Sneaker,0.435576603806989,0.9199999999999999,0.8080596173845053,0.6509504371249302,0.6629677493724763,0.8080860295888435,1
leather dress shoes,B0C7Y5S23T,Levi's Men's Carter Nb Sneaker,0.4202734222566227,0.86,0.9080176189114993,0.44785265655877365,0.602459595959596,0.6964309951300196,1
leather dress shoes,B0BN28RWW8,DeYashopin Women's Flats Shoes Leisure Shoes Slip On Work Shoes Comfort Walking Shoes,0.3705615948920776,0.8400000000000001,0.8825772585834124,0.6300373627822528,0.6994260663730361,0.0,1
leather dress shoes,B07ZLM669B,Bruno Marc Men's KnitFlex Breeze Mesh Sneakers Oxfords Lace-Up Lightweight Casual Walking Shoes,0.33066919793098654,0.9199999999999999,0.8465076449898112,0.7607678795004097,0.6564501180637544,0.9350643528198477,1
leather dress shoes,B07GQDTNWK,Clarks Women's Juliet Palm Loafer,0.25643777624137953,0.8400000000000001,0.8178697572962634,0.7222245752112407,0.6312521645188311,0.0,1
leather dress shoes,B087YQCWKG,Under Armour Men's Charged Assert 9 Running Shoe,0.2553481397175501,0.9199999999999999,0.7769864725658369,0.8607500150285096,0.6667230847855847,0.9712655183686938,1
leather dress shoes,B07PQSW7V9,Lugz Men's Clipper Fashion Sneaker,0.23222144523378113,0.86,0.9201427866293547,0.8255110265669905,0.6326018518518519,0.9112192546614691,1
leather dress shoes,B0BTSFVMKS,Gloria Vanderbilt Women's Amanda Capri Jean Regular,0.0,0.86,0.933985516047547,0.7127151783332456,0.607312925170068,0.0,0
leather dress shoes,B07YHG62J6,THE GYM PEOPLE Mens' Fleece Joggers Pants with Deep Pockets in Loose-fit Style,0.0,0.8800000000000001,0.9119307969854339,0.706016023804493,0.6280532720838785,0.8129754130617711,0
leather dress shoes,B0CQL15PMH,OFEEFAN Womens T Shirts Short Sleeve Pleated Dressy Casual Scooped Neck Summer Tops Blouses,0.0,0.8800000000000001,0.9691812178902862,0.6884214088871118,0.65918939575636,0.8934091159375386,0
leather dress shoes,B01BDZMRR4,Polo Ralph Lauren Men's Jersey Short Sleeve Tee,0.0,0.86,0.8505610906026065,0.4008663220277415,0.6313571428714285,0.5692087200177163,0
leather dress shoes,B0BNBBNR98,CUPSHE Women's Mini Dresses Casual Spring V Neck Chiffon Long Peasant Sleeves Flowy Summer Dress,0.0,0.8,0.8383336870692549,0.6282137820968194,0.6053802669057133,0.8057622820141208,0
leather dress shoes,B07YNY69X6,"SHAPERMINT Shapewear for women - High-Waisted Shapewear Tummy Control Shorts, Faja body shaper, underwear for women",0.0,0.8,0.9160329068464054,0.8860477401391593,0.5760302667352972,1.0,0
leather dress shoes,B087G2XPB2,Workout Shirts for Men Short Sleeve Quick Dry Athletic Gym Active T Shirt Moisture Wicking,0.0,0.8800000000000001,0.8997066649981782,0.735540773103099,0.6114607614607614,0.8791879948166543,0
leather dress shoes,B07FMZ12CJ,"POLO RALPH LAUREN Men's Slim Fit Cotton Crew Undershirts, 3 Pack",0.0,0.9199999999999999,0.8198903459537313,0.7393619015281736,0.5,0.7141016299672939,0
leather dress shoes,B0CBKCGNFR,Lee Men's Extreme Motion Regular Straight Jean,0.0,0.9199999999999999,0.8721483875162708,0.6507371809103337,0.5753151142982276,0.803512316800604,0
leather dress shoes,B0DQ8CSQ6N,Women's Chanderi Stitched Printed Kurta Set for Women,0.0,0.74,0.9039281862916493,0.2089657968772369,0.7368055555555555,0.0,0
leather dress shoes,B06XD4BK82,"Hanes, EcoSmart Fleece Sweats for Men, Open Bottom Sweatpants, 30.5""",0.0,0.86,0.981486320643415,0.8674074703842434,0.5979071067821068,1.0,0
leather dress shoes,B08MLNXBCB,adidas Men's Essentials 3-Stripes Tricot Jogger Pants,0.0,0.9199999999999999,0.8997569650194023,0.68971108913283,0.717036556036556,0.9221435975688448,0
leather dress shoes,B09XBV1X8S,Under Armour Men's Charged Assert 10 Running Shoe,0.0,0.9,0.7800097901016919,0.743756001954336,0.6464983945488604,1.0,0
leather dress shoes,B0BV7HNMJ2,Steel Blue Cotton Straight Kurta Palazzo Suit Set,0.0,0.72,0.9039281862916493,0.21442878936600618,0.4966666665,0.0,0
leather dress shoes,B085C2KTNG,"Mens Swim Trunks Quick Dry Board Shorts with Mesh Lining, Breathable Fit Hawaii Beach Shorts Swimwear Bathing Suits",0.0,0.8800000000000001,0.9405535537782881,0.6505019337877257,0.5635873015873015,0.9221435975688448,0
leather dress shoes,B00NOY3JKW,"Hanes Men's Beefy-T T-Shirt, Heavyweight Cotton Tee, 1 Or 2 Pack, Big & Tall",0.0,0.9,0.9888117212953523,0.8710624539559159,0.610465002488082,1.0,0
leather dress shoes,B0B2F3PM2R,On Men's Cloud X 3 Shift Sneakers,0.0,0.9,0.4780910692107846,0.5921810659134756,0.6827334570354978,0.7342803268596227,0
leather dress shoes,B0C523G7RV,HUGO mens Underwear Gift Set With Trunk and Quarter Length Socks,0.0,0.8800000000000001,0.938565680581779,0.0,0.5,0.6698466979643963,0
leather dress shoes,B096YLM4CK,Amazon Essentials mens Straight-fit Stretch Golf Pant,0.0,0.86,0.9173366179656136,0.6062065068734739,0.6576232823185268,0.8859424320199987,0
leather dress shoes,B0CQ4Q7SNQ,Dokotoo Summer Dress Casual Womens Fashion Short Sleeve Maxi Dress T Shirt Dress Striped Long Color Block Maxi Dress,0.0,0.86,0.8915126688577847,0.5353947509668361,0.6992192002442001,0.7589641087889946,0
soft cotton boxer briefs,B09PF7NPPZ,Champion Men's Every Day Comfort Stretch Cotton Boxer Briefs,1.0,0.9199999999999999,0.8710491480280551,0.748231330810464,0.5,0.8238997559691468,1
soft cotton boxer briefs,B07XJ6M8GT,"Amazon Essentials Mens Underwear Boxer Briefs, Comfortable Cotton, Tag-Free, Pack of 5",0.8271100881562357,0.8800000000000001,0.9487074734790071,0.816285970349033,0.6652802336552337,0.8673492140407068,1
soft cotton boxer briefs,B09RQY638M,Pair of Thieves Soft Cotton Boxer Briefs for Men Pack (4 & 8 Pack) - Tagless Underwear for Men Pack,0.7772750994161194,0.8800000000000001,0.9405695025655055,0.7489944020278291,0.6083753328813871,0.8300660740168053,1
soft cotton boxer briefs,B08CZZZB1N,"Fruit of the Loom Men's Coolzone Boxer Briefs, Moisture Wicking & Breathable, Assorted Color Multipacks",0.7264562733280595,0.9199999999999999,0.921144697621218,0.977977336428795,0.6298509199134199,0.950878079200151,1
soft cotton boxer briefs,B08QBDWX2C,"Lacoste Men's Cotton Stretch Big Croc Print Boxer Briefs, 3-Pack",0.7098864281154403,0.9199999999999999,0.9061364799063684,0.5979179623670813,0.6501498917748918,0.6881382784280896,1
soft cotton boxer briefs,B0B1WMKNM5,"Mens Underwear Cotton Boxer Briefs Comfy Breathable 6"" Underwear Tagless Wide Waistband Boxer Briefs Multipack",0.6538367750776869,0.8400000000000001,0.8833583402138038,0.5464932493287384,0.5936089666401718,0.7166557064393775,1
soft cotton boxer briefs,B084HFMYG3,"Gildan Men's Underwear Cotton Stretch Boxer Briefs, Multipack",0.581212142614857,0.9400000000000001,0.9355190532799907,0.7676975105539545,0.6484897186147186,0.8269158686612064,1
soft cotton boxer briefs,B07JDGJ4P2,"Gildan Men's Underwear Covered Waistband Boxer Briefs, Multipack",0.596792475459649,0.8800000000000001,0.9507521897889322,0.8789533360486849,0.6397437547664395,0.8620973338616201,1
soft cotton boxer briefs,B09FCBZ4YK,"Hanes Men's Underwear Boxer Briefs, Cotton Stretch Moisture-Wicking Underwear, Multi-pack",0.5740317473532004,0.9400000000000001,0.9159920125202069,0.7460701369818753,0.7230238095238095,0.9712655183686938,1
soft cotton boxer briefs,B0B34Z57RW,True Religion Mens Boxer Briefs Cotton Stretch Underwear for Men Pack of 6,0.606019267834361,0.86,0.8996694511613376,0.5921810659134756,0.7020382653061223,0.6940284616088422,1
soft cotton boxer briefs,B0DYSWTXH4,PORCLAY Men's Polo Shirt Summer Waffle Short Sleeve Blouses Button Down Beach Tops Textured Golf Shirts with Pocket,0.0,0.8800000000000001,0.9160329068464054,0.0,0.5,0.0,0
soft cotton boxer briefs,B0775MHKD6,Amazon Essentials Men's Regular-Fit Long-Sleeve Casual Poplin Shirt,0.0,0.8800000000000001,0.9455091282270224,0.8246061877525988,0.6517495074973335,0.8673492140407068,0
soft cotton boxer briefs,B0D2JCJRFT,Handcraft Mens Underwear Funny Gifts for Men Chucky Cookie Monster Rick and Morty Scooby Doo Tom and Jerry Boxers for Men,0.5285372728588521,0.9400000000000001,0.9528378004250556,0.3662145261559747,0.7167864392551893,0.5496788119013549,0
soft cotton boxer briefs,B08LT8LY5N,"Ultra Performance Mens 5 Pack Athletic Running Shorts, Basketball Gym Workout Shorts for Men with Zippered Pockets",0.0,0.82,0.8873823419117361,0.7025411435825448,0.5440578368999421,0.7638534922619221,0
soft cotton boxer briefs,B0CD53B24J,Nmoder Women's Casual Wrap Flared Midi Dress Wedding Guest Cocktail Tea Dresses A-Line Swing V-Neck 3/4 Sleeve,0.0,0.8400000000000001,0.8710164325670964,0.6046931882914858,0.6476070174864818,0.7086707902195286,0
soft cotton boxer briefs,B0DS59CZZQ,GRACE KARIN Women's 2025 Summer Babydoll Tops Casual Crewneck Ruffle Sleeve Shirts Loose Fit Pleated Blouse Outfits,0.0,0.8800000000000001,0.9201153874308017,0.17398060268294768,0.636307115503544,0.5065329895392421,0
soft cotton boxer briefs,B0CN2VVBV6,6 Pack Men's Quick Dry Long Sleeve Shirts Moisture Wicking Sun Protection Performance T-Shirt for Casual Workout,0.0,0.9199999999999999,0.8588217444947036,0.5823330049160034,0.5,0.8730216767689958,0
soft cotton boxer briefs,B001NSEC9I,Haggar Men’s Hidden Expandable Waistband Classic Fit Pleated Front Gabardine Dress Pant,0.0,0.9,0.756504140346056,0.7057926011937858,0.6566084656251323,0.7718848640399975,0
soft cotton boxer briefs,B077ZJC1N9,"Gildan Men's V-Neck T-Shirts, Multipack, Style G1103",0.0,0.9,0.9604752247858875,0.9375395380186572,0.6548777062106894,0.9112192546614691,0
soft cotton boxer briefs,B0BN1PZ1VX,"VOOVEEYA Women's Bootcut Leggings - Bootleg Yoga Pants Flare with 4 Pockets,Tummy Control High Waisted Casual Dress Pants",0.0,0.8800000000000001,0.9038055033130539,0.6367605142197946,0.6006673011761686,0.0,0
soft cotton boxer briefs,B09TZQKDL7,Obtaom Women's Play Fashion Sneaker White Color Washed and Leopard Canvas Slip on Shoes,0.0,0.86,0.9323906373258055,0.7513963434558598,0.6274221272072834,0.0,0
soft cotton boxer briefs,B0CCYJP95Y,Women's Cotton Printed Straight Kurta With Palazzo & Dupatta Set,0.0,0.72,0.895294985087884,0.6045785148686668,0.6185416667071428,0.0,0
soft cotton boxer briefs,B0BWNHZCCR,NY Threads Men's Athletic Shorts Quick Dry Loose-Fit Lightweight Running Workout Gym Shorts with Pockets,0.0,0.9199999999999999,0.9896345151384661,0.5665784799060319,0.6500308000822707,0.7677554658829605,0
soft cotton boxer briefs,B00JUM4CT4,Hanes Men's EcoSmart Fleece Full-Zip Hoodie Sweatshirt,0.0,0.9,0.9677053416577823,0.8932883827878151,0.5630886752136752,1.0,0
soft cotton boxer briefs,B0BNDCRMP2,The Children's Place Boys' Athletic Basketball Shorts,0.0,0.9,0.9267308625799331,0.6548765908519792,0.6336452612367791,0.0,0
soft cotton boxer briefs,B07BJKT4ZB,Amazon Essentials Men's Slim-Fit Casual Stretch Chino Pant,0.0,0.8800000000000001,0.9057684309705818,0.8097756272756367,0.6189974128540305,0.950878079200151,0
soft cotton boxer briefs,B09ZLMK2Q5,"Womens Jacquard Standard Length Saree, Mustard, Free Size",0.0,0.6599999999999999,0.9491164167409921,0.45625066395423214,0.6206249999833333,0.0,0
soft cotton boxer briefs,B0DWFMDQBT,ZITY 3 Pack Mens Polo Shirts Short Sleeve Golf Polo Moisture Wicking Performance Collared Casual Tennis Athletic T-Shirt,0.0,0.8800000000000001,0.846512552308955,0.0,0.5,0.5549212120521301,0
soft cotton boxer briefs,B0C9CPWWR1,OIIIO Men's Ripped Slim Fit Straight Leg Jean Denim Pant,0.0,0.8400000000000001,0.9058866155732955,0.4775216275085711,0.7112916666666667,0.7249215248800267,0
soft cotton boxer briefs,B071HWBZX1,"Little Me Baby Boys' Assorted, Multi, 0-12/12-24 Month",0.0,0.96,0.9720376865752515,0.7209063727065699,0.6855357142857142,0.0,0
waterproof hiking boots,B077ZJXCTS,"Gildan Men's Crew T-Shirts, Multipack, Style G1100",0.5,0.9199999999999999,0.9406512912179026,1.0,0.6093526785714285,0.9712655183686938,1
waterproof hiking boots,B002GHC19I,Carhartt Men's Loose Fit Heavyweight Short-Sleeve Pocket T-Shirt,0.5,0.9199999999999999,0.9405695025655055,0.9224153102135918,0.6698839950023956,1.0,1
waterproof hiking boots,B072FBNZHL,Skechers Men's Go Walk Max Slip-On Shoes,0.5,0.8800000000000001,0.8207393121656122,0.8640664516958683,0.6149398946122058,0.950878079200151,1
waterproof hiking boots,B078LC7GCX,"Champion Men's T-Shirt, Classic Graphic T-Shirt, Soft and Comfortable T-Shirts for Men, Script Logo (Reg. or Big & Tall)",0.5,0.9199999999999999,0.9854861946888903,0.8812997017065547,0.7042921929711703,0.8483378948396241,1
waterproof hiking boots,B08SS8M9JT,Amazon Essentials Men's Packable Lightweight Water-Resistant Puffer Jacket (Available in Big & Tall),0.5,0.9,0.8652830480340666,0.8169666182073961,0.6316356185157909,1.0,1
waterproof hiking boots,B07JBRGFH4,"Gildan Men's Crew T-Shirts, Multipack, Style G1100",0.5,0.9199999999999999,0.9324724259782025,1.0,0.6220799635086526,0.9712655183686938,1
waterproof hiking boots,B00NOY3JKW,"Hanes Men's Beefy-T T-Shirt, Heavyweight Cotton Tee, 1 Or 2 Pack, Big & Tall",0.5,0.9,0.9888117212953523,0.8710624539559159,0.610465002488082,1.0,1
waterproof hiking boots,B07NHW8Z3N,Kingsted T-Shirts for Men Pack - Royally Comfortable - Super Soft Premium Fabric - Well-Crafted Classic Tee,0.5,0.86,0.8587726713032654,0.7343389563270784,0.6338845185714703,0.8333628522303139,1
waterproof hiking boots,B06XD4BK82,"Hanes, EcoSmart Fleece Sweats for Men, Open Bottom Sweatpants, 30.5""",0.5,0.86,0.981486320643415,0.8674074703842434,0.5979071067821068,1.0,1
waterproof hiking boots,B00CAXS2Q4,"Hanes Men's Boxers, Cotton Knit Comfortable Boxer Underwear, Moisture-wicking Cotton Boxers, 5-pack",0.5,0.9199999999999999,0.9405286082393071,0.8354726645537437,0.7118412698412698,1.0,1
waterproof hiking boots,B0C3L9HJRZ,XZQTIVE 3 Pack Women Belts For Jeans Dresses Pants Ladies Leather Waist Belt with Gold Buckle,0.5,0.9,0.9343903698769122,0.6147587368813149,0.7188513210108605,0.0,0
waterproof hiking boots,B01MZFNQNC,Haggar Men's Premium No Iron Khaki Classic Fit Expandable Waist Flat Front Pant (Regular and Big & Tall Sizes),0.5,0.9199999999999999,0.8669000096919552,0.8120716548103438,0.634077909024455,1.0,0
waterproof hiking boots,B09Q618MMY,Mens Chinos Slim Fit Pants Flat Front Stretch Skinny Tapered Dress Pants Comfort Casual Solid Trousers,0.5,0.78,0.8628702827883551,0.48616824416514115,0.6298196623977874,0.6547757582477103,0
waterproof hiking boots,B07Y2KBF2W,Simple Joys by Carter's Baby 3-Pack Snap-up Rompers,0.5,0.96,0.934394459309532,0.7861561809350074,0.6817024135860484,0.0,0
waterproof hiking boots,B0775MHKD6,Amazon Essentials Men's Regular-Fit Long-Sleeve Casual Poplin Shirt,0.5,0.8800000000000001,0.9455091282270224,0.8246061877525988,0.6517495074973335,0.8673492140407068,0
waterproof hiking boots,B01IR7TZWG,Levi's Men's 505 Regular Fit Jeans (Also Available in Big & Tall),0.5,0.9,0.8294056377735983,0.9327481488982297,0.6683434861365122,0.950878079200151,0
waterproof hiking boots,B0CRHF41F7,5 Pack Athletic Gym Mens Shorts - Workout Black Quick Dry Basketball Shorts with Pockets for Running Casual Activewear,0.5,0.9,0.9116919741204346,0.6317927678968567,0.6779773565323565,0.7511439680213623,0
waterproof hiking boots,B08BG8D5TR,Carhartt Men's Loose Fit Washed Duck Sherpa-Lined Coat,0.5,0.9,0.4907319143820029,0.5016221682906049,0.6807190286054734,0.765130426836653,0
waterproof hiking boots,B082F1D3Z6,Outdoor Ventures Men's Lightweight Packable Puffer Winter Jacket Insulated Puffy Coat for Snow Ski Hiking Travel,0.5,0.9,0.7933499282509047,0.5587219628011906,0.652539624874284,0.9221435975688448,0
waterproof hiking boots,B0D38YFY3K,ZENGVEE Mens Polo Shirts Moisture Wicking Short Sleeve Performance Quick Dry Athletic Golf Shirts,0.5,0.8400000000000001,0.846512552308955,0.511135433342715,0.6040681144252572,0.7664307927065344,0
waterproof hiking boots,B07ZPQ8VDN,"Simple Joys by Carter's Baby Boys' 2-Way Zip Thermal Footed Sleep and Play, Pack of 2",0.5,0.96,0.9585711849580854,0.775323209062988,0.6765232709750566,0.0,0
waterproof hiking boots,B0CKMCTKJ4,adidas Men's Lite Racer Adapt 7.0 Sneaker,0.5,0.8800000000000001,0.8612165162368878,0.5844819694619149,0.651689591641675,0.950878079200151,0
waterproof hiking boots,B0B391RPYX,rytras Women's Cotton Printed Straight Kurti (RYT311_Blue_XX-Large),0.5,0.74,0.8946042799183913,0.4803264774762528,0.6333333333333333,0.0,0
waterproof hiking boots,B0CN2VVBV6,6 Pack Men's Quick Dry Long Sleeve Shirts Moisture Wicking Sun Protection Performance T-Shirt for Casual Workout,0.5,0.9199999999999999,0.8588217444947036,0.5823330049160034,0.5,0.8730216767689958,0
waterproof hiking boots,B0C8MT7B74,"KISAH Men's Indo-Western Kurta Sherwani Churidar Set Cotton Full Sleaves, Straight, Ethnic Wear | Traditional Wear for Men",0.5,0.44000000000000006,0.9039281862916493,0.12743848802453234,0.7083333333333333,0.0,0
waterproof hiking boots,B0D6WGWNS8,Dokotoo Womens Soft Long Sleeve V Neck Shirts Solid Casual Decorative Buttons Knitted Pullover Tunic Tops,0.5,0.8800000000000001,0.9569599485058644,0.48496458604238474,0.6402078501474106,0.7098421879891456,0
waterproof hiking boots,B07BN72SZ5,Amazon Essentials Men's Lightweight Water-Resistant Packable Hooded Puffer Jacket,0.5,0.9,0.9039968887596628,0.741684281513784,0.6081289524980646,0.9712655183686938,0
waterproof hiking boots,B0B3TBJ79D,VILOCY Men's Casual Dress Sneakers Oxfords Business Mesh Breathable Walking Shoes Tennis Comfortable,0.5,0.8800000000000001,0.8464839262806161,0.7189997836660952,0.6470876623376622,0.9712655183686938,0
waterproof hiking boots,B08GKRNT2T,KuaiLu Womens Arch Support Flip Flops Comfortable Yoga Mat Slip on Summer Beach Walking Thong Cushion Sandals,0.5,0.8400000000000001,0.9039281862916493,0.7099132147611152,0.6630842970521542,0.9712655183686938,0
waterproof hiking boots,B0D3659J5K,JOYNÉE 20 Pairs Mens No Show Socks Low Cut Ankle Socks Short Casual Socks,0.5,0.86,0.9160329068464054,0.38722754944309684,0.6375,0.7500940532399261,0
classic denim jacket,B0008EOG9E,Lee Men's Regular Fit Straight Leg Jean,0.8915991819375881,0.9,0.8795756150404425,0.7652869967825777,0.6352554355366855,0.8238997559691468,1
classic denim jacket,B0C1L9X2Y7,Womens Jeans Mid Waisted Straight Leg Loose Stretchy Lightweight Tummy Control Trendy Jeans for Women 2024,1.0,0.78,0.8669548080890612,0.629703847436456,0.5730012114487668,0.0,1
classic denim jacket,B0008EOGAS,Lee Men's Regular Fit Straight Leg Jean,0.8915991819375881,0.9,0.8915372054535038,0.4560012716705331,0.6323098938265604,0.8210067848398465,1
classic denim jacket,B01N28YIF8,Haggar Men's Casual Classic Fit Denim Trouser Pant-Regular and Big & Tall Sizes,0.7343860986803611,0.9199999999999999,0.8485004255054641,0.7336075123010378,0.6643313988095239,0.7213595716086199,1
classic denim jacket,B0B84WZ5DY,Wrangler Authentics Men's Slim Fit Straight Leg Jean,0.7014471437189955,0.8800000000000001,0.9078540416067054,0.7281846790587637,0.6049542742508602,0.8080860295888435,1
classic denim jacket,B09NMPH8Y7,Wrangler Authentics Men's Athletic Fit Stretch Jean,0.698403206908223,0.8800000000000001,0.9035192430296644,0.659882944035329,0.6833214285825397,0.7894928116095515,1
classic denim jacket,B09Y8TM3LL,XIMXIMMTIAN Men's Biker Moto Washed Distressed Slim Fit Straight Jeans Denim…,0.5954917442160964,0.9199999999999999,0.8751385806479052,0.5928049001952141,0.6984974747474747,0.7047169708492054,1
classic denim jacket,B07BJLDWXJ,Amazon Essentials Men's Skinny-Fit Stretch Jean,0.5598661480453708,0.86,0.9057684309705818,0.7716253238318195,0.6168153998778998,0.7677554658829605,1
classic denim jacket,B0D3V242Q7,Men's Ski Jacket Warm Winter Snow Coat Waterproof Mountain Windbreaker Snowboarding Jacket Hooded for Hiking Traval,0.5549191384601959,0.9199999999999999,0.7974393608707547,0.5368476721825982,0.646178822352971,0.901756158400302,1
classic denim jacket,B0B2NTYHTK,Mens Lightweight Jacket Casual Bomber Jacket Varsity Coat,0.5411666938150503,0.9,0.8669597154082052,0.5825859019199225,0.7139349206349206,0.9712655183686938,1
classic denim jacket,B08M429KCV,Women Art Silk Lace Printed Saree Free Size (AIR),0.0,0.72,0.9616709748839317,0.5791808098500408,0.5549074074074074,0.0,0
classic denim jacket,B0CD2HNDVG,"KISAH Men's Printed Sherwani Kurta & Pajama Set - Regular Fit, Mandarin Collar| Ethnic Wear Mens Wear",0.0,0.82,0.4089432619850024,0.17398060268294768,0.3,0.0,0
classic denim jacket,B0CSQGX6CZ,Wrangler Authentics Authentics Men's Flat Front Short,0.0,0.8800000000000001,0.9323906373258055,0.4817827389288642,0.5821180555611111,0.901756158400302,0
classic denim jacket,B08FDXYMR5,Toddler Infant Baby Boy Clothes Striped Long Sleeve Hoodie Tops Sweatsuit Pants Outfit Set,0.0,0.9400000000000001,0.9242060468804376,0.6249991514679819,0.6675088609307359,0.0,0
classic denim jacket,B0D635RHQX,PJ PAUL JONES Men Vintage Tweed Pants Herringbone Pleated Suit Trousers,0.0,0.76,0.8219759565898548,0.3364042849017693,0.6224483422674603,0.7092540688334595,0
classic denim jacket,B0BGJ5XZTQ,ZITY 3 Pack Mens Polo Shirt Short Sleeve Sports Performance Business Casual Golf Shirts for Men Collared Tactical T-Shirts,0.0,0.86,0.8751140440521861,0.6277298353311518,0.6148224206349207,0.7777939478613575,0
classic denim jacket,B0CQ4Q7SNQ,Dokotoo Summer Dress Casual Womens Fashion Short Sleeve Maxi Dress T Shirt Dress Striped Long Color Block Maxi Dress,0.0,0.86,0.8915126688577847,0.5353947509668361,0.6992192002442001,0.7589641087889946,0
classic denim jacket,B07BN52FT6,Nautica Men's Short Sleeve Solid Stretch Cotton Pique Polo Shirt,0.0,0.9199999999999999,0.9106757501144018,0.7314719504809172,0.713265306122449,0.8620973338616201,0
classic denim jacket,B0D2QBLKD5,Dokotoo Women's Tops Dressy Casual V Neck Long Sleeve Buttons Hollow Out Lace Embroidered Blouses Shirts,0.0,0.82,0.9405326976719269,0.5249261391548433,0.6864610389610389,0.8129754130617711,0
classic denim jacket,B01M2CO9DQ,"Simple Joys by Carter's Baby Girls' Long-Sleeve Bodysuit, Pack of 5",0.0,0.96,0.9600699620132604,0.8431442621082929,0.703250000011111,0.0,0
classic denim jacket,B0D2HTM4XW,"Women's Latest Chiffon Batik Printed Saree with Blouse Piece, Light Blue, White, One Size, Light Blue, White, One Size",0.0,0.64,0.8342442544494049,0.27190992200085656,0.5479375,0.0,0
classic denim jacket,B07YHG62J6,THE GYM PEOPLE Mens' Fleece Joggers Pants with Deep Pockets in Loose-fit Style,0.0,0.8800000000000001,0.9119307969854339,0.706016023804493,0.6280532720838785,0.8129754130617711,0
classic denim jacket,B091M4492K,adidas Men's Hoops 3.0 Mid Sneaker,0.0,0.9199999999999999,0.8080596173845053,0.6509504371249302,0.6629677493724763,0.8080860295888435,0
classic denim jacket,B09PDMRNNZ,KDF Flare Jeans for Women Women's Bootcut Bell Bottom Jeans High Waisted Stretch Slimming Bell Bottoms Jeans,0.34319440053612604,0.8400000000000001,0.8723986607926056,0.588378133904321,0.6342935016372516,0.0,0
classic denim jacket,B07FDRXL7D,"Amazon Essentials Women's Classic-Fit Short-Sleeve Crewneck T-Shirt, Multipacks",0.0,0.8800000000000001,0.9523879628368721,0.8614304776870827,0.6438035140433238,0.8182272932408577,0
classic denim jacket,B09MHPSWY2,ZITY 5 Pack Mens Polo Shirt Short Sleeve Sports Golf Tennis T-Shirt Moisture-Wicking Summer Shirts,0.0,0.8800000000000001,0.742626650750595,0.5664547580298965,0.6241418442668442,0.8483378948396241,0
classic denim jacket,B0B5NS9XXB,"The North Face Men's Flare 2 Insulated 550-Down Full Zip Puffer Jacket (Large, Tnf Black)",0.0,0.9199999999999999,0.4438612913528538,0.41546977936735807,0.7431547619047619,0.8238997559691468,0
classic denim jacket,B01IR7TZWG,Levi's Men's 505 Regular Fit Jeans (Also Available in Big & Tall),0.0,0.9,0.8294056377735983,0.9327481488982297,0.6683434861365122,0.950878079200151,0
classic denim jacket,B08ZNZ9NFT,Calvin Klein mens Mid-weight Sherpa Lined Puffer,0.0,0.9199999999999999,0.6952035453745041,0.6001740119724971,0.7121722471972471,0.8572079503886925,0
classic denim jacket,B087G2XPB2,Workout Shirts for Men Short Sleeve Quick Dry Athletic Gym Active T Shirt Moisture Wicking,0.0,0.8800000000000001,0.8997066649981782,0.735540773103099,0.6114607614607614,0.8791879948166543,0
quick dry swim shorts,B085C2KTNG,"Mens Swim Trunks Quick Dry Board Shorts with Mesh Lining, Breathable Fit Hawaii Beach Shorts Swimwear Bathing Suits",1.0,0.8800000000000001,0.9405535537782881,0.6505019337877257,0.5635873015873015,0.9221435975688448,1
quick dry swim shorts,B09M6RJCRV,ELETOP Men's Swim Trunks Quick Dry Bathing Suit Swimming Board Shorts Mesh Lining Beach Swimwear,0.8433053231345549,0.9400000000000001,0.9405695025655055,0.5897277272887305,0.7633778344671202,0.950878079200151,1
quick dry swim shorts,B085NF55WL,COOFANDY Men's 2 Pack Gym Workout Shorts 7 Inch Quick Dry Athletic Shorts Lightweight Running Shorts with Pockets,0.4458007171245161,0.8400000000000001,0.8996649527854557,0.7540757441417282,0.62267511007511,0.8730216767689958,1
quick dry swim shorts,B07R1J9J3J,"MIER Men's Workout Running Shorts Quick Dry Active 5 Inches Shorts with Pockets, Lightweight, Breathable",0.3635839123947738,0.9,0.9446532099796878,0.6483086273890318,0.607502257575013,0.9350643528198477,1
quick dry swim shorts,B0BLRWCWCB,CRZ YOGA Men's Linerless Workout Shorts - 5'' Lightweight Quick Dry for Running Sports Athletic Gym with Pockets,0.3346992411324107,0.9400000000000001,0.9078131472805069,0.5396759008497483,0.6490237331012787,0.8210067848398465,1
quick dry swim shorts,B09CGWK6PR,CRZ YOGA Men's Linerless Workout Shorts - 7'' Quick Dry for Running Sports Athletic Gym with Pockets,0.3355556110052084,0.9400000000000001,0.9078131472805069,0.5611419741158261,0.6806345706762373,0.8080860295888435,1
quick dry swim shorts,B0CRHF41F7,5 Pack Athletic Gym Mens Shorts - Workout Black Quick Dry Basketball Shorts with Pockets for Running Casual Activewear,0.32704779797957395,0.9,0.9116919741204346,0.6317927678968567,0.6779773565323565,0.7511439680213623,1
quick dry swim shorts,B0728KK8VK,"Amazon Essentials Men's Performance Tech Loose-Fit Shorts (Available in Big & Tall), Pack of 2",0.29757736717143474,0.9199999999999999,0.9446180408591571,0.8849930656483952,0.7127053005156552,0.8934091159375386,1
quick dry swim shorts,B08JGBB9N1,BALENNZ Athletic Shorts for Men with Pockets and Elastic Waistband Quick Dry Activewear,0.3051931732162069,0.9199999999999999,0.8996620901826218,0.803984060490635,0.6623615189886741,1.0,1
quick dry swim shorts,B0BWNHZCCR,NY Threads Men's Athletic Shorts Quick Dry Loose-Fit Lightweight Running Workout Gym Shorts with Pockets,0.3265244818577919,0.9199999999999999,0.9896345151384661,0.5665784799060319,0.6500308000822707,0.7677554658829605,1
quick dry swim shorts,B071HWBZX1,"Little Me Baby Boys' Assorted, Multi, 0-12/12-24 Month",0.0,0.96,0.9720376865752515,0.7209063727065699,0.6855357142857142,0.0,0
quick dry swim shorts,B0BZZSK8TF,Lacoste Men's Short Sleeved Ribbed Collar Shirt,0.0,0.86,0.7973984665445563,0.6604894150488833,0.7305725524475524,0.8238997559691468,0
quick dry swim shorts,B09WCWZPLD,Under Armour Men's Tech Graphic Shorts,0.155781754505063,0.9400000000000001,0.9194205928286892,0.8822416134438427,0.601907087034165,0.8791879948166543,0
quick dry swim shorts,B0DWFMDQBT,ZITY 3 Pack Mens Polo Shirts Short Sleeve Golf Polo Moisture Wicking Performance Collared Casual Tennis Athletic T-Shirt,0.0,0.8800000000000001,0.846512552308955,0.0,0.5,0.5549212120521301,0
quick dry swim shorts,B0C8MZ6VQ1,KISAH Men's Cream Jacquard Indowestern Sherwani Kurta & Pajama Set – Mandarin Collar | Indian Wedding & Festive Wear,0.0,0.6799999999999999,0.3680407569212626,0.2609709040244215,0.6585277778,0.47625111124587294,0
quick dry swim shorts,B08354NT7W,Women's Banarasi Silk Blend Woven Zari With Tussles Saree and Jacquard Woven Blouse Piece,0.0,0.8,0.8453266168491985,0.6083506878913463,0.55875,0.0,0
quick dry swim shorts,B0BQHVRH11,"HUNGSON Men's Slim Fit Stretch Jeans Ripped Skinny Jeans for Men, Distressed Straight Leg Fashion Comfort Flex Waist Pants",0.0,0.82,0.8751385806479052,0.5872435666540361,0.6490658068544973,0.7470345298564405,0
quick dry swim shorts,B0CP3NQCN3,Kaipiclos Newborn Infant Girl Clothes Rib Knit Romper Daisy Print Pants Headband Baby Clothes for Girls 0 3 6 12 18 24 Months,0.0,0.9,0.9502614578745501,0.47301810079250806,0.7097519068233353,0.0,0
quick dry swim shorts,B01G3LZ0IG,PUMA Mens Tazon 6 Cross Trainer,0.0,0.9,0.8791666717784574,0.844768803493886,0.7213948412698412,0.852634237600453,0
quick dry swim shorts,B07HR8C4X3,Nautica Men's Solid Deck Shirt,0.0,0.9199999999999999,0.8996751763670053,0.7041563736333745,0.7752083333333333,0.8404555619209737,0
quick dry swim shorts,B0CLL5X2V5,Floerns Men's Slant Pocket Tailored Pants Work Office Fold Pleated Trousers,0.0,0.72,0.8996751763670053,0.30315942416118674,0.5647863756613757,0.6513310301860258,0
quick dry swim shorts,B08P1NVJDW,"G Gradual Men's Sweatpants with Zipper Pockets Athletic Pants Traning Track Pants Joggers for Men Soccer, Running, Workout",0.0,0.9,0.8996751763670053,0.7192968008364534,0.6386526374564978,1.0,0
quick dry swim shorts,B0D6YY28SS,Dokotoo Womens 2025 Casual Dress Smocked Crewneck Button Up Long Sleeve Empire Waist A-Line Mini Dress,0.0,0.8800000000000001,0.8792280132677552,0.4859974091806066,0.6415083784849409,0.8057622820141208,0
quick dry swim shorts,B08WKCT1CH,Lee Men's Relaxed Fit Straight Leg Jean,0.0,0.8800000000000001,0.8795919727709218,0.7510662304778972,0.6047276186977274,0.7227629432401484,0
quick dry swim shorts,B07HNVR4ZD,Wrangler Authentics Men's Relaxed Fit Boot Cut Jean,0.0,0.86,0.9119025799003568,0.8014020829459726,0.6265682234432235,0.8300660740168053,0
quick dry swim shorts,B01MDOUGX4,Lacoste Men's Short Sleeve Crew Neck Pima Cotton Jersey T-Shirt,0.0,0.8800000000000001,0.8996547292039061,0.6832261614800731,0.5656557721490261,0.7351190106306159,0
quick dry swim shorts,B077ZJXCTS,"Gildan Men's Crew T-Shirts, Multipack, Style G1100",0.0,0.9199999999999999,0.9406512912179026,1.0,0.6093526785714285,0.9712655183686938,0
quick dry swim shorts,B08FDXYMR5,Toddler Infant Baby Boy Clothes Striped Long Sleeve Hoodie Tops Sweatsuit Pants Outfit Set,0.0,0.9400000000000001,0.9242060468804376,0.6249991514679819,0.6675088609307359,0.0,0
quick dry swim shorts,B08CBVFFZ6,HEAWISH Women's Floral Ballet Flats for Women Black Beige Slip On Flowers PU Leather Round Toe Dress Shoes,0.0,0.8400000000000001,0.9548620695718814,0.7115052182586561,0.644798525346956,0.0,0
quick dry swim shorts,B00ACIGNMY,"Hanes Men's Tagless Briefs, Soft Moisture Wicking Underwear, Tagless, 7-pack",0.0,0.9199999999999999,0.9241532931996416,0.8074848032384294,0.6124884513700447,0.950878079200151,0
